log,target,threshold,unit,excess_one_number,excess_majority,excess_uniform,share_positive
BPIC13_closed,handover,0.05,net benefit (true positives per case),0.0,0.0,0.0,0.0
BPIC13_closed,handover,0.075,net benefit (true positives per case),8.061753028196664e-05,0.0,0.0,0.5
BPIC13_closed,handover,0.1,net benefit (true positives per case),0.0,0.0,0.0,0.3333333333333333
BPIC13_closed,handover,0.125,net benefit (true positives per case),0.0,0.0,0.0,0.16666666666666666
BPIC13_closed,handover,0.15,net benefit (true positives per case),0.0,0.0,0.0,0.3333333333333333
BPIC13_closed,handover,0.175,net benefit (true positives per case),0.0,0.0,0.0,0.3333333333333333
BPIC13_closed,handover,0.2,net benefit (true positives per case),0.0,0.0,0.00335570469798655,0.6666666666666666
BPIC13_closed,handover,0.225,net benefit (true positives per case),0.0,0.00185225277236535,0.00185225277236535,0.5
BPIC13_closed,handover,0.25,net benefit (true positives per case),0.0,0.0,0.0,0.3333333333333333
BPIC13_closed,handover,0.275,net benefit (true positives per case),0.0007585692612307009,0.0007585692612307009,0.0007585692612307009,0.3333333333333333
BPIC13_closed,handover,0.3,net benefit (true positives per case),0.0,0.0,0.0,0.16666666666666666
BPIC13_closed,handover,0.325,net benefit (true positives per case),0.0,0.0,0.0,0.16666666666666666
BPIC13_closed,handover,0.35,net benefit (true positives per case),0.0,0.0,0.0,0.16666666666666666
BPIC13_closed,handover,0.375,net benefit (true positives per case),0.0,0.0,0.0,0.5
BPIC13_closed,handover,0.4,net benefit (true positives per case),0.0,0.0,0.0,0.0
BPIC13_closed,handover,0.425,net benefit (true positives per case),0.0,0.0,0.0,0.3333333333333333
BPIC13_closed,handover,0.45,net benefit (true positives per case),0.0032879126838858495,0.0,0.0,0.5
BPIC13_closed,handover,0.475,net benefit (true positives per case),0.0,0.0,0.0,0.5
BPIC13_closed,handover,0.5,net benefit (true positives per case),0.0,0.0,0.0,0.3333333333333333
BPIC13_closed,handover,0.525,net benefit (true positives per case),0.0,0.0,0.0,0.3333333333333333
BPIC13_closed,handover,0.55,net benefit (true positives per case),0.0,0.0,0.0,0.16666666666666666
BPIC13_closed,handover,0.575,net benefit (true positives per case),0.0,0.0,0.0,0.16666666666666666
BPIC13_closed,handover,0.6,net benefit (true positives per case),0.0,0.0,0.0,0.3333333333333333
BPIC13_closed,handover,0.625,net benefit (true positives per case),0.0,0.0,0.0,0.3333333333333333
BPIC13_closed,handover,0.65,net benefit (true positives per case),0.0,0.0025567273889421163,0.0025567273889421163,0.5
BPIC13_closed,handover,0.675,net benefit (true positives per case),0.0,0.00653932197556358,0.00653932197556358,0.5
BPIC13_closed,handover,0.7,net benefit (true positives per case),0.0012428535918468982,0.0012428535918468982,0.0012428535918468982,0.3333333333333333
BPIC13_closed,handover,0.725,net benefit (true positives per case),0.01586333129957293,0.01586333129957293,0.01586333129957293,0.3333333333333333
BPIC13_closed,handover,0.75,net benefit (true positives per case),0.02237136465324385,0.02237136465324385,0.02237136465324385,0.3333333333333333
BPIC13_closed,handover,0.775,net benefit (true positives per case),0.0,0.03504847129008201,0.03504847129008201,0.5
BPIC13_closed,handover,0.8,net benefit (true positives per case),0.0,0.042505592841163314,0.042505592841163314,0.5
BPIC13_incidents,duration,0.05,net benefit (true positives per case),0.0,0.0,0.0,0.0
BPIC13_incidents,duration,0.075,net benefit (true positives per case),1.7882902752766667e-05,1.7882902752766667e-05,1.7882902752766667e-05,0.16666666666666666
BPIC13_incidents,duration,0.1,net benefit (true positives per case),0.0,0.0,0.0007596922021271165,0.6666666666666666
BPIC13_incidents,duration,0.125,net benefit (true positives per case),0.0,0.0,0.0012813241750162657,0.8333333333333333
BPIC13_incidents,duration,0.15,net benefit (true positives per case),0.0,0.0,0.00233097208887965,0.8333333333333333
BPIC13_incidents,duration,0.175,net benefit (true positives per case),0.0,0.0,0.004774253340640616,0.8333333333333333
BPIC13_incidents,duration,0.2,net benefit (true positives per case),0.0,0.0,0.008767093074547814,0.8333333333333333
BPIC13_incidents,duration,0.225,net benefit (true positives per case),0.0,0.0,0.0,0.9999999999999999
BPIC13_incidents,duration,0.25,net benefit (true positives per case),0.0,0.0,0.0,0.9999999999999999
BPIC13_incidents,duration,0.275,net benefit (true positives per case),0.0,0.0,0.0,0.9999999999999999
BPIC13_incidents,duration,0.3,net benefit (true positives per case),0.0,0.0,0.0,0.9999999999999999
BPIC13_incidents,duration,0.325,net benefit (true positives per case),0.0,0.0,0.0,0.9999999999999999
BPIC13_incidents,duration,0.35,net benefit (true positives per case),0.0,0.0,0.043647427414520504,0.6666666666666666
BPIC13_incidents,duration,0.375,net benefit (true positives per case),0.0,0.0,0.06450521982061459,0.8333333333333333
BPIC13_incidents,duration,0.4,net benefit (true positives per case),0.03901387050923885,0.03901387050923885,0.03901387050923885,0.5
BPIC13_incidents,duration,0.425,net benefit (true positives per case),0.0,0.0,0.0,0.3333333333333333
BPIC13_incidents,duration,0.45,net benefit (true positives per case),0.006389434708799484,0.006389434708799484,0.006389434708799484,0.3333333333333333
BPIC13_incidents,duration,0.475,net benefit (true positives per case),0.00024506200068620185,0.00024506200068620185,0.00024506200068620185,0.3333333333333333
BPIC13_incidents,duration,0.5,net benefit (true positives per case),0.014997794441993836,0.014997794441993836,0.014997794441993836,0.3333333333333333
BPIC13_incidents,duration,0.525,net benefit (true positives per case),0.0,0.0,0.0,0.0
BPIC13_incidents,duration,0.55,net benefit (true positives per case),0.0,0.0,0.0,0.0
BPIC13_incidents,duration,0.575,net benefit (true positives per case),0.0,0.0,0.0,0.16666666666666666
BPIC13_incidents,duration,0.6,net benefit (true positives per case),0.0,0.0,0.0,0.16666666666666666
BPIC13_incidents,duration,0.625,net benefit (true positives per case),0.0,0.0,0.0,0.3333333333333333
BPIC13_incidents,duration,0.65,net benefit (true positives per case),0.019913037998613686,0.019913037998613686,0.0,0.6666666666666666
BPIC13_incidents,duration,0.675,net benefit (true positives per case),0.0,0.0,0.004122696888466618,0.6666666666666666
BPIC13_incidents,duration,0.7,net benefit (true positives per case),0.0,0.0,0.013747978238494333,0.6666666666666666
BPIC13_incidents,duration,0.725,net benefit (true positives per case),0.0,0.003595727900977133,0.003595727900977133,0.5
BPIC13_incidents,duration,0.75,net benefit (true positives per case),0.0,0.0,0.0,0.16666666666666666
BPIC13_incidents,duration,0.775,net benefit (true positives per case),0.0,0.0,0.0,0.16666666666666666
BPIC13_incidents,duration,0.8,net benefit (true positives per case),0.0,0.0,0.0,0.16666666666666666
BPIC13_incidents,handover,0.05,net benefit (true positives per case),0.0,7.738800021669844e-05,7.738800021669844e-05,0.5
BPIC13_incidents,handover,0.075,net benefit (true positives per case),0.0,0.0,0.000208633865449012,0.6666666666666666
BPIC13_incidents,handover,0.1,net benefit (true positives per case),0.0,0.0,0.0003022431341795414,0.8333333333333333
BPIC13_incidents,handover,0.125,net benefit (true positives per case),0.0,0.0,0.00038859831537376593,0.8333333333333333
BPIC13_incidents,handover,0.15,net benefit (true positives per case),0.0,0.0,0.0005578764368561333,0.8333333333333333
BPIC13_incidents,handover,0.175,net benefit (true positives per case),0.0,0.0,0.0008978180570593333,0.8333333333333333
BPIC13_incidents,handover,0.2,net benefit (true positives per case),0.0,0.0,0.0,0.9999999999999999
BPIC13_incidents,handover,0.225,net benefit (true positives per case),0.0,0.0,0.0,0.9999999999999999
BPIC13_incidents,handover,0.25,net benefit (true positives per case),0.0,0.0,0.0,0.9999999999999999
BPIC13_incidents,handover,0.275,net benefit (true positives per case),0.0,0.0,0.0029432791323791,0.8333333333333333
BPIC13_incidents,handover,0.3,net benefit (true positives per case),0.0,0.0,0.0,0.9999999999999999
BPIC13_incidents,handover,0.325,net benefit (true positives per case),0.0,0.0,0.0,0.9999999999999999
BPIC13_incidents,handover,0.35,net benefit (true positives per case),0.0,0.0,0.0,0.9999999999999999
BPIC13_incidents,handover,0.375,net benefit (true positives per case),0.0,0.0,0.0,0.9999999999999999
BPIC13_incidents,handover,0.4,net benefit (true positives per case),0.0,0.0,0.0,0.9999999999999999
BPIC13_incidents,handover,0.425,net benefit (true positives per case),0.0,0.0,0.0,0.9999999999999999
BPIC13_incidents,handover,0.45,net benefit (true positives per case),0.0,0.0,0.0,0.9999999999999999
BPIC13_incidents,handover,0.475,net benefit (true positives per case),0.0,0.0,0.0,0.9999999999999999
BPIC13_incidents,handover,0.5,net benefit (true positives per case),0.0,0.0,0.0,0.9999999999999999
BPIC13_incidents,handover,0.525,net benefit (true positives per case),0.0,0.0,0.0,0.9999999999999999
BPIC13_incidents,handover,0.55,net benefit (true positives per case),0.0,0.0,0.0,0.9999999999999999
BPIC13_incidents,handover,0.575,net benefit (true positives per case),0.0,0.0,0.0,0.9999999999999999
BPIC13_incidents,handover,0.6,net benefit (true positives per case),0.0,0.0,0.0,0.9999999999999999
BPIC13_incidents,handover,0.625,net benefit (true positives per case),0.0,0.0,0.0,0.9999999999999999
BPIC13_incidents,handover,0.65,net benefit (true positives per case),0.0,0.0,0.0,0.9999999999999999
BPIC13_incidents,handover,0.675,net benefit (true positives per case),0.0,0.0,0.0,0.9999999999999999
BPIC13_incidents,handover,0.7,net benefit (true positives per case),0.0,0.0,0.0,0.9999999999999999
BPIC13_incidents,handover,0.725,net benefit (true positives per case),0.0,0.0,0.0,0.9999999999999999
BPIC13_incidents,handover,0.75,net benefit (true positives per case),0.0,0.0,0.0,0.9999999999999999
BPIC13_incidents,handover,0.775,net benefit (true positives per case),0.0,0.0,0.0,0.9999999999999999
BPIC13_incidents,handover,0.8,net benefit (true positives per case),0.0,0.0,0.0,0.9999999999999999
BPIC14,duration,0.05,net benefit (true positives per case),0.0,0.0,0.0,0.0
BPIC14,duration,0.075,net benefit (true positives per case),0.0,0.0,0.0,0.25
BPIC14,duration,0.1,net benefit (true positives per case),0.0,0.0,0.00018972806306520002,0.625
BPIC14,duration,0.125,net benefit (true positives per case),0.0,0.0,0.0017049982630729002,0.875
BPIC14,duration,0.15,net benefit (true positives per case),0.0,0.0,0.0,1.0
BPIC14,duration,0.175,net benefit (true positives per case),0.0,0.0,0.004384154085555838,0.875
BPIC14,duration,0.2,net benefit (true positives per case),0.0,0.0,0.0093580138749821,0.875
BPIC14,duration,0.225,net benefit (true positives per case),0.0,0.0,0.017016982664347237,0.875
BPIC14,duration,0.25,net benefit (true positives per case),0.0,0.0,0.023071329804987325,0.875
BPIC14,duration,0.275,net benefit (true positives per case),0.0,0.0,0.0,1.0
BPIC14,duration,0.3,net benefit (true positives per case),0.0,0.0,0.0,1.0
BPIC14,duration,0.325,net benefit (true positives per case),0.0,0.0,0.043134824138972315,0.75
BPIC14,duration,0.35,net benefit (true positives per case),0.0,0.0,0.04674003939130527,0.75
BPIC14,duration,0.375,net benefit (true positives per case),0.0,0.0,0.05460592189958515,0.75
BPIC14,duration,0.4,net benefit (true positives per case),0.0,0.0,0.06270562151337432,0.75
BPIC14,duration,0.425,net benefit (true positives per case),0.0,0.0,0.059555997462576095,0.75
BPIC14,duration,0.45,net benefit (true positives per case),0.0,0.0,0.06888483244691221,0.875
BPIC14,duration,0.475,net benefit (true positives per case),0.0,0.0,0.0,1.0
BPIC14,duration,0.5,net benefit (true positives per case),0.0,0.0,0.03083428694035185,0.75
BPIC14,duration,0.525,net benefit (true positives per case),0.0,0.0,0.0225647260763839,0.75
BPIC14,duration,0.55,net benefit (true positives per case),0.0,0.0,0.018939032724614138,0.625
BPIC14,duration,0.575,net benefit (true positives per case),0.0,0.0,0.014462397031477437,0.75
BPIC14,duration,0.6,net benefit (true positives per case),0.0,0.0,0.02486679301959661,0.75
BPIC14,duration,0.625,net benefit (true positives per case),0.0,0.0,0.031775973871167665,0.875
BPIC14,duration,0.65,net benefit (true positives per case),0.0,0.0,0.0,1.0
BPIC14,duration,0.675,net benefit (true positives per case),0.0,0.0,0.04882101163033786,0.875
BPIC14,duration,0.7,net benefit (true positives per case),0.0,0.0,0.02825954799027319,0.75
BPIC14,duration,0.725,net benefit (true positives per case),0.0,0.0,0.02239080115993286,0.75
BPIC14,duration,0.75,net benefit (true positives per case),0.0,0.0,0.014992490344728899,0.75
BPIC14,duration,0.775,net benefit (true positives per case),0.0,0.0,0.00876921120806111,0.75
BPIC14,duration,0.8,net benefit (true positives per case),0.0,0.0,0.0103883564583035,0.75
BPIC14,handover,0.05,net benefit (true positives per case),0.0,0.0,0.0,0.0
BPIC14,handover,0.075,net benefit (true positives per case),0.0,0.0,0.0,0.0
BPIC14,handover,0.1,net benefit (true positives per case),0.0,0.0,0.0,0.0
BPIC14,handover,0.125,net benefit (true positives per case),0.0,0.0,0.0,0.0
BPIC14,handover,0.15,net benefit (true positives per case),0.0,0.0,0.0,0.0
BPIC14,handover,0.175,net benefit (true positives per case),0.0,0.0,0.0005819170101819174,0.75
BPIC14,handover,0.2,net benefit (true positives per case),0.0,0.0,0.0,1.0
BPIC14,handover,0.225,net benefit (true positives per case),0.0,0.0,0.0013741746300542498,0.875
BPIC14,handover,0.25,net benefit (true positives per case),0.0,0.0,0.0017075525675867875,0.875
BPIC14,handover,0.275,net benefit (true positives per case),0.0,0.0,0.0,1.0
BPIC14,handover,0.3,net benefit (true positives per case),0.0,0.0,0.0024738439217768943,0.875
BPIC14,handover,0.325,net benefit (true positives per case),0.0,0.0,0.0,1.0
BPIC14,handover,0.35,net benefit (true positives per case),0.0,0.0,0.0037328213197186503,0.875
BPIC14,handover,0.375,net benefit (true positives per case),0.0,0.0,0.0042805035045057754,0.75
BPIC14,handover,0.4,net benefit (true positives per case),0.0,0.0,0.00576038239641435,0.875
BPIC14,handover,0.425,net benefit (true positives per case),0.0,0.0,0.0,1.0
BPIC14,handover,0.45,net benefit (true positives per case),0.0,0.0,0.0,1.0
BPIC14,handover,0.475,net benefit (true positives per case),0.0,0.0,0.008361090109051712,0.875
BPIC14,handover,0.5,net benefit (true positives per case),0.0,0.0,0.009324488628236214,0.875
BPIC14,handover,0.525,net benefit (true positives per case),0.0,0.0,0.00931413697310075,0.75
BPIC14,handover,0.55,net benefit (true positives per case),0.0,0.0,0.009240054673469075,0.875
BPIC14,handover,0.575,net benefit (true positives per case),0.0,0.0,0.015923308960259775,0.875
BPIC14,handover,0.6,net benefit (true positives per case),0.0,0.0,0.0,1.0
BPIC14,handover,0.625,net benefit (true positives per case),0.0,0.0,0.006973251323129701,0.75
BPIC14,handover,0.65,net benefit (true positives per case),0.0,0.0,0.009622065104113387,0.875
BPIC14,handover,0.675,net benefit (true positives per case),0.0,0.0,0.013630849553821899,0.875
BPIC14,handover,0.7,net benefit (true positives per case),0.0,0.0,0.018383755304438976,0.875
BPIC14,handover,0.725,net benefit (true positives per case),0.0,0.0,0.023406717727987865,0.875
BPIC14,handover,0.75,net benefit (true positives per case),0.0,0.0,0.028214847661278752,0.875
BPIC14,handover,0.775,net benefit (true positives per case),0.0,0.0,0.0,1.0
BPIC14,handover,0.8,net benefit (true positives per case),0.0,0.0,0.0,1.0
BPIC15_1,duration,0.05,net benefit (true positives per case),0.0,0.0,0.0,0.0
BPIC15_1,duration,0.075,net benefit (true positives per case),0.0,0.0,0.0,0.0
BPIC15_1,duration,0.1,net benefit (true positives per case),0.0,0.0,0.0,0.0
BPIC15_1,duration,0.125,net benefit (true positives per case),0.0,0.0,0.0,0.0
BPIC15_1,duration,0.15,net benefit (true positives per case),8.169934640521666e-05,8.169934640521666e-05,8.169934640521666e-05,0.16666666666666666
BPIC15_1,duration,0.175,net benefit (true positives per case),9.820426487091666e-05,9.820426487091666e-05,9.820426487091666e-05,0.16666666666666666
BPIC15_1,duration,0.2,net benefit (true positives per case),0.0,0.0003472222222222,0.0003472222222222,0.5
BPIC15_1,duration,0.225,net benefit (true positives per case),0.00020908004778973332,0.00020908004778973332,0.00020908004778973332,0.3333333333333333
BPIC15_1,duration,0.25,net benefit (true positives per case),0.0,0.0007716049382716,0.0007716049382716,0.5
BPIC15_1,duration,0.275,net benefit (true positives per case),0.0,0.0,0.003208812260536333,0.8333333333333333
BPIC15_1,duration,0.3,net benefit (true positives per case),0.0,0.0,0.0035714285714285505,0.6666666666666666
BPIC15_1,duration,0.325,net benefit (true positives per case),0.0,0.0,0.0033607681755829827,0.6666666666666666
BPIC15_1,duration,0.35,net benefit (true positives per case),0.0018162393162392994,0.0018162393162392994,0.0,0.6666666666666666
BPIC15_1,duration,0.375,net benefit (true positives per case),0.0,0.021388888888888912,0.021388888888888912,0.5
BPIC15_1,duration,0.4,net benefit (true positives per case),0.0,0.020370370370370382,0.020370370370370382,0.5
BPIC15_1,duration,0.425,net benefit (true positives per case),0.0,0.0,0.0,0.16666666666666666
BPIC15_1,duration,0.45,net benefit (true positives per case),0.01494107744107746,0.01494107744107746,0.01494107744107746,0.3333333333333333
BPIC15_1,duration,0.475,net benefit (true positives per case),0.0,0.0,0.0,0.16666666666666666
BPIC15_1,duration,0.5,net benefit (true positives per case),0.0,0.0,0.0,0.3333333333333333
BPIC15_1,duration,0.525,net benefit (true positives per case),0.0015838206627680502,0.0015838206627680502,0.0015838206627680502,0.5
BPIC15_1,duration,0.55,net benefit (true positives per case),0.0,0.0,0.0,0.16666666666666666
BPIC15_1,duration,0.575,net benefit (true positives per case),0.0,0.0,0.0,0.16666666666666666
BPIC15_1,duration,0.6,net benefit (true positives per case),0.0,0.0,0.0,0.16666666666666666
BPIC15_1,duration,0.625,net benefit (true positives per case),0.0,0.0,0.0,0.16666666666666666
BPIC15_1,duration,0.65,net benefit (true positives per case),0.0,0.0,0.0,0.5
BPIC15_1,duration,0.675,net benefit (true positives per case),0.0,0.0,0.0,0.5
BPIC15_1,duration,0.7,net benefit (true positives per case),0.0,0.0,0.0,0.3333333333333333
BPIC15_1,duration,0.725,net benefit (true positives per case),0.0,0.0,0.0,0.9999999999999999
BPIC15_1,duration,0.75,net benefit (true positives per case),0.0,0.0,0.02499999999999998,0.8333333333333333
BPIC15_1,duration,0.775,net benefit (true positives per case),0.0,0.006121399176954717,0.006121399176954717,0.5
BPIC15_1,duration,0.8,net benefit (true positives per case),0.0,0.0,0.014814814814814765,0.8333333333333333
BPIC15_1,handover,0.05,net benefit (true positives per case),0.0,0.0,0.0,0.0
BPIC15_1,handover,0.075,net benefit (true positives per case),0.0,0.0,0.0,0.0
BPIC15_1,handover,0.1,net benefit (true positives per case),0.0,0.0,0.0,0.0
BPIC15_1,handover,0.125,net benefit (true positives per case),0.0,0.0,0.0,0.0
BPIC15_1,handover,0.15,net benefit (true positives per case),0.0,0.0,0.0,0.0
BPIC15_1,handover,0.175,net benefit (true positives per case),0.0,0.0,0.0,0.0
BPIC15_1,handover,0.2,net benefit (true positives per case),0.0006944444444444333,0.0006944444444444333,0.0006944444444444333,0.16666666666666666
BPIC15_1,handover,0.225,net benefit (true positives per case),0.0,0.0010603345280764333,0.0010603345280764333,0.5
BPIC15_1,handover,0.25,net benefit (true positives per case),0.0,0.0,0.0013888888888888833,0.6666666666666666
BPIC15_1,handover,0.275,net benefit (true positives per case),0.0,0.0,0.0007982120051085164,0.6666666666666666
BPIC15_1,handover,0.3,net benefit (true positives per case),0.00039682539682539997,0.0,0.0,0.5
BPIC15_1,handover,0.325,net benefit (true positives per case),0.0,0.0,0.0006344307270233001,0.6666666666666666
BPIC15_1,handover,0.35,net benefit (true positives per case),0.0,0.0,0.0016025641025641173,0.6666666666666666
BPIC15_1,handover,0.375,net benefit (true positives per case),0.0,0.0,0.0,0.3333333333333333
BPIC15_1,handover,0.4,net benefit (true positives per case),0.0023148148148148164,0.0023148148148148164,0.0023148148148148164,0.3333333333333333
BPIC15_1,handover,0.425,net benefit (true positives per case),0.0,0.0060990338164251656,0.0060990338164251656,0.5
BPIC15_1,handover,0.45,net benefit (true positives per case),0.0,0.0,0.012079124579124549,0.6666666666666666
BPIC15_1,handover,0.475,net benefit (true positives per case),0.0,0.0,0.014087301587301534,0.8333333333333333
BPIC15_1,handover,0.5,net benefit (true positives per case),0.0,0.0,0.010185185185185183,0.6666666666666666
BPIC15_1,handover,0.525,net benefit (true positives per case),0.0,0.0,0.016959064327485365,0.8333333333333333
BPIC15_1,handover,0.55,net benefit (true positives per case),0.0,0.0,0.0,0.9999999999999999
BPIC15_1,handover,0.575,net benefit (true positives per case),0.0,0.0,0.0,0.9999999999999999
BPIC15_1,handover,0.6,net benefit (true positives per case),0.0,0.0,0.022916666666666634,0.8333333333333333
BPIC15_1,handover,0.625,net benefit (true positives per case),0.0,0.0,0.030401234567901194,0.8333333333333333
BPIC15_1,handover,0.65,net benefit (true positives per case),0.0,0.0,0.04100529100529089,0.8333333333333333
BPIC15_1,handover,0.675,net benefit (true positives per case),0.0,0.0,0.05416666666666668,0.8333333333333333
BPIC15_1,handover,0.7,net benefit (true positives per case),0.0,0.0,0.0,0.9999999999999999
BPIC15_1,handover,0.725,net benefit (true positives per case),0.0,0.0,0.0,0.9999999999999999
BPIC15_1,handover,0.75,net benefit (true positives per case),0.0,0.0,0.04861111111111111,0.8333333333333333
BPIC15_1,handover,0.775,net benefit (true positives per case),0.0,0.0,0.045679012345679,0.8333333333333333
BPIC15_1,handover,0.8,net benefit (true positives per case),0.0,0.0,0.05601851851851848,0.6666666666666666
BPIC15_3,duration,0.05,net benefit (true positives per case),0.0,0.0,0.0,0.0
BPIC15_3,duration,0.075,net benefit (true positives per case),0.0,0.0,0.0,0.0
BPIC15_3,duration,0.1,net benefit (true positives per case),0.0,0.0,0.0,0.0
BPIC15_3,duration,0.125,net benefit (true positives per case),0.0,0.0,0.0,0.0
BPIC15_3,duration,0.15,net benefit (true positives per case),0.0,0.0,0.0,0.0
BPIC15_3,duration,0.175,net benefit (true positives per case),0.0,0.0,0.0018148386942713171,0.6666666666666666
BPIC15_3,duration,0.2,net benefit (true positives per case),0.0,0.0,0.0028565799842395845,0.6666666666666666
BPIC15_3,duration,0.225,net benefit (true positives per case),0.0,0.0,0.004791682554208301,0.6666666666666666
BPIC15_3,duration,0.25,net benefit (true positives per case),0.0,0.0,0.008668242710795884,0.6666666666666666
BPIC15_3,duration,0.275,net benefit (true positives per case),0.0,0.0,0.01709192684981385,0.8333333333333333
BPIC15_3,duration,0.3,net benefit (true positives per case),0.0,0.0,0.023077789035235864,0.8333333333333333
BPIC15_3,duration,0.325,net benefit (true positives per case),0.0,0.0,0.028529317339403993,0.8333333333333333
BPIC15_3,duration,0.35,net benefit (true positives per case),0.0,0.0,0.0,0.9999999999999999
BPIC15_3,duration,0.375,net benefit (true positives per case),0.0,0.0,0.0,0.9999999999999999
BPIC15_3,duration,0.4,net benefit (true positives per case),0.0,0.0,0.0,0.9999999999999999
BPIC15_3,duration,0.425,net benefit (true positives per case),0.0,0.0,0.0,0.9999999999999999
BPIC15_3,duration,0.45,net benefit (true positives per case),0.0,0.0,0.0,0.9999999999999999
BPIC15_3,duration,0.475,net benefit (true positives per case),0.0,0.0,0.0,0.9999999999999999
BPIC15_3,duration,0.5,net benefit (true positives per case),0.0,0.0,0.0,0.9999999999999999
BPIC15_3,duration,0.525,net benefit (true positives per case),0.0,0.0,0.0,0.9999999999999999
BPIC15_3,duration,0.55,net benefit (true positives per case),0.0,0.0,0.0,0.9999999999999999
BPIC15_3,duration,0.575,net benefit (true positives per case),0.0,0.0,0.0,0.9999999999999999
BPIC15_3,duration,0.6,net benefit (true positives per case),0.0,0.05457052797478332,0.05457052797478332,0.5
BPIC15_3,duration,0.625,net benefit (true positives per case),0.031520882584712404,0.031520882584712404,0.031520882584712404,0.3333333333333333
BPIC15_3,duration,0.65,net benefit (true positives per case),0.02015084993808402,0.02015084993808402,0.02015084993808402,0.3333333333333333
BPIC15_3,duration,0.675,net benefit (true positives per case),0.02730799539310183,0.02730799539310183,0.02730799539310183,0.16666666666666666
BPIC15_3,duration,0.7,net benefit (true positives per case),0.08050958760178617,0.08050958760178617,0.08050958760178617,0.3333333333333333
BPIC15_3,duration,0.725,net benefit (true positives per case),0.0020058743462998824,0.0020058743462998824,0.0020058743462998824,0.3333333333333333
BPIC15_3,duration,0.75,net benefit (true positives per case),0.0,0.0,0.0,0.16666666666666666
BPIC15_3,duration,0.775,net benefit (true positives per case),0.0,0.0,0.0,0.3333333333333333
BPIC15_3,duration,0.8,net benefit (true positives per case),0.0,0.0,0.0,0.3333333333333333
BPIC15_3,handover,0.05,net benefit (true positives per case),0.0,0.0,0.0,0.0
BPIC15_3,handover,0.075,net benefit (true positives per case),0.0,0.0,0.0,0.0
BPIC15_3,handover,0.1,net benefit (true positives per case),0.0,0.0,0.0,0.0
BPIC15_3,handover,0.125,net benefit (true positives per case),0.0,0.0,0.0,0.0
BPIC15_3,handover,0.15,net benefit (true positives per case),0.0,0.0,0.0,0.0
BPIC15_3,handover,0.175,net benefit (true positives per case),0.0,0.0,0.0,0.0
BPIC15_3,handover,0.2,net benefit (true positives per case),0.0,0.0,0.0,0.0
BPIC15_3,handover,0.225,net benefit (true positives per case),0.0,0.0,0.0,0.0
BPIC15_3,handover,0.25,net benefit (true positives per case),0.0,0.0,0.0,0.0
BPIC15_3,handover,0.275,net benefit (true positives per case),0.0,0.0,0.0,0.0
BPIC15_3,handover,0.3,net benefit (true positives per case),0.0,0.0,0.0,0.0
BPIC15_3,handover,0.325,net benefit (true positives per case),0.0003940110323089,0.0003940110323089,0.0003940110323089,0.16666666666666666
BPIC15_3,handover,0.35,net benefit (true positives per case),0.0003940110323089,0.0003940110323089,0.0003940110323089,0.16666666666666666
BPIC15_3,handover,0.375,net benefit (true positives per case),0.0,0.0008668242710795667,0.0008668242710795667,0.5
BPIC15_3,handover,0.4,net benefit (true positives per case),0.0,0.0009193590753874333,0.0009193590753874333,0.5
BPIC15_3,handover,0.425,net benefit (true positives per case),0.0,0.0008736766368588333,0.0008736766368588333,0.5
BPIC15_3,handover,0.45,net benefit (true positives per case),0.0,0.0,0.0010745755426606167,0.6666666666666666
BPIC15_3,handover,0.475,net benefit (true positives per case),0.0,0.0009193590753874333,0.0009193590753874333,0.5
BPIC15_3,handover,0.5,net benefit (true positives per case),0.0,0.0,0.0,0.0
BPIC15_3,handover,0.525,net benefit (true positives per case),0.0,0.0,0.00029032391854339997,0.8333333333333333
BPIC15_3,handover,0.55,net benefit (true positives per case),0.0006129060502583169,0.0006129060502583169,0.0,0.6666666666666666
BPIC15_3,handover,0.575,net benefit (true positives per case),0.0015065127705928666,0.0,0.0,0.5
BPIC15_3,handover,0.6,net benefit (true positives per case),0.0,0.0,0.0,0.16666666666666666
BPIC15_3,handover,0.625,net benefit (true positives per case),0.0,0.0,0.0,0.0
BPIC15_3,handover,0.65,net benefit (true positives per case),0.0,0.0,0.0,0.0
BPIC15_3,handover,0.675,net benefit (true positives per case),0.0,0.0,0.0,0.0
BPIC15_3,handover,0.7,net benefit (true positives per case),0.0,0.0,0.0,0.0
BPIC15_3,handover,0.725,net benefit (true positives per case),0.0,0.0,0.0,0.0
BPIC15_3,handover,0.75,net benefit (true positives per case),0.0,0.0,0.0,0.16666666666666666
BPIC15_3,handover,0.775,net benefit (true positives per case),0.0,0.0,0.011251203922598731,0.6666666666666666
BPIC15_3,handover,0.8,net benefit (true positives per case),0.0,0.0,0.027186761229314363,0.8333333333333333
BPIC15_4,duration,0.05,net benefit (true positives per case),0.0,0.0,0.0,0.0
BPIC15_4,duration,0.075,net benefit (true positives per case),0.0,0.0,0.0,0.0
BPIC15_4,duration,0.1,net benefit (true positives per case),0.0,0.0,0.0,0.0
BPIC15_4,duration,0.125,net benefit (true positives per case),0.0,0.0,0.0,0.0
BPIC15_4,duration,0.15,net benefit (true positives per case),0.0,0.0,0.0,0.0
BPIC15_4,duration,0.175,net benefit (true positives per case),0.0,0.0,0.0,0.0
BPIC15_4,duration,0.2,net benefit (true positives per case),0.0,0.0,0.0,0.0
BPIC15_4,duration,0.225,net benefit (true positives per case),0.00015312372396896666,0.00015312372396896666,0.00015312372396896666,0.16666666666666666
BPIC15_4,duration,0.25,net benefit (true positives per case),0.00017580872011251666,0.00017580872011251666,0.00017580872011251666,0.16666666666666666
BPIC15_4,duration,0.275,net benefit (true positives per case),0.00020005819874873332,0.00020005819874873332,0.00020005819874873332,0.16666666666666666
BPIC15_4,duration,0.3,net benefit (true positives per case),0.0002260397830018,0.0002260397830018,0.0002260397830018,0.16666666666666666
BPIC15_4,duration,0.325,net benefit (true positives per case),0.00078137208938895,0.00078137208938895,0.00078137208938895,0.3333333333333333
BPIC15_4,duration,0.35,net benefit (true positives per case),0.0,0.0,0.0012171372930866499,0.6666666666666666
BPIC15_4,duration,0.375,net benefit (true positives per case),0.0,0.0,0.0,0.0
BPIC15_4,duration,0.4,net benefit (true positives per case),0.0,0.0,0.0,0.16666666666666666
BPIC15_4,duration,0.425,net benefit (true positives per case),0.005457714180884201,0.0,0.0,0.5
BPIC15_4,duration,0.45,net benefit (true positives per case),0.0,0.00402761795166855,0.00402761795166855,0.5
BPIC15_4,duration,0.475,net benefit (true positives per case),0.0,0.0,0.054350010046212566,0.6666666666666666
BPIC15_4,duration,0.5,net benefit (true positives per case),0.0,0.0,0.049578059071729914,0.6666666666666666
BPIC15_4,duration,0.525,net benefit (true positives per case),0.0,0.0,0.05482456140350876,0.8333333333333333
BPIC15_4,duration,0.55,net benefit (true positives per case),0.0,0.0,0.03381387716830755,0.6666666666666666
BPIC15_4,duration,0.575,net benefit (true positives per case),0.0,0.006267063787540314,0.006267063787540314,0.5
BPIC15_4,duration,0.6,net benefit (true positives per case),0.0,0.0,0.0,0.9999999999999999
BPIC15_4,duration,0.625,net benefit (true positives per case),0.0,0.0,0.05643459915611808,0.8333333333333333
BPIC15_4,duration,0.65,net benefit (true positives per case),0.0,0.0,0.0,0.9999999999999999
BPIC15_4,duration,0.675,net benefit (true positives per case),0.0,0.0,0.04235637779941573,0.8333333333333333
BPIC15_4,duration,0.7,net benefit (true positives per case),0.0,0.0,0.0,0.9999999999999999
BPIC15_4,duration,0.725,net benefit (true positives per case),0.0,0.0,0.06137322593018792,0.8333333333333333
BPIC15_4,duration,0.75,net benefit (true positives per case),0.0,0.0,0.0,0.9999999999999999
BPIC15_4,duration,0.775,net benefit (true positives per case),0.0,0.0,0.0,0.9999999999999999
BPIC15_4,duration,0.8,net benefit (true positives per case),0.0,0.0,0.0,0.9999999999999999
BPIC15_4,handover,0.05,net benefit (true positives per case),0.0,0.0,0.0,0.0
BPIC15_4,handover,0.075,net benefit (true positives per case),0.0,0.0,0.0,0.0
BPIC15_4,handover,0.1,net benefit (true positives per case),0.00041022034692918334,0.00041022034692918334,0.00041022034692918334,0.16666666666666666
BPIC15_4,handover,0.125,net benefit (true positives per case),0.00037673297166964997,0.00037673297166964997,0.00037673297166964997,0.16666666666666666
BPIC15_4,handover,0.15,net benefit (true positives per case),0.00034127575080661663,0.00034127575080661663,0.00034127575080661663,0.16666666666666666
BPIC15_4,handover,0.175,net benefit (true positives per case),0.0,0.0,0.0,0.0
BPIC15_4,handover,0.2,net benefit (true positives per case),0.0,0.0,0.0,0.0
BPIC15_4,handover,0.225,net benefit (true positives per case),0.0007486048727371833,0.0007486048727371833,0.0007486048727371833,0.16666666666666666
BPIC15_4,handover,0.25,net benefit (true positives per case),0.0007032348804500667,0.0007032348804500667,0.0007032348804500667,0.16666666666666666
BPIC15_4,handover,0.275,net benefit (true positives per case),0.0010548523206751,0.0010548523206751,0.0010548523206751,0.16666666666666666
BPIC15_4,handover,0.3,net benefit (true positives per case),0.0,0.0,0.0,0.0
BPIC15_4,handover,0.325,net benefit (true positives per case),0.0,0.0,0.0,0.0
BPIC15_4,handover,0.35,net benefit (true positives per case),0.0,0.0,0.0,0.0
BPIC15_4,handover,0.375,net benefit (true positives per case),0.0,0.0,0.0,0.0
BPIC15_4,handover,0.4,net benefit (true positives per case),0.0,0.0,0.0,0.0
BPIC15_4,handover,0.425,net benefit (true positives per case),0.0,0.0,0.0,0.0
BPIC15_4,handover,0.45,net benefit (true positives per case),0.0,0.0,0.0,0.0
BPIC15_4,handover,0.475,net benefit (true positives per case),0.0,0.0,0.0,0.0
BPIC15_4,handover,0.5,net benefit (true positives per case),0.0,0.0,0.0,0.0
BPIC15_4,handover,0.525,net benefit (true positives per case),0.0021097046413502,0.0021097046413502,0.0021097046413502,0.16666666666666666
BPIC15_4,handover,0.55,net benefit (true positives per case),0.0009376465072667333,0.0009376465072667333,0.0009376465072667333,0.16666666666666666
BPIC15_4,handover,0.575,net benefit (true positives per case),0.00034127575080663327,0.00034127575080663327,0.00034127575080663327,0.16666666666666666
BPIC15_4,handover,0.6,net benefit (true positives per case),0.0007911392405063166,0.0007911392405063166,0.0007911392405063166,0.16666666666666666
BPIC15_4,handover,0.625,net benefit (true positives per case),0.0012306610407876166,0.0012306610407876166,0.0012306610407876166,0.3333333333333333
BPIC15_4,handover,0.65,net benefit (true positives per case),0.0,0.002712477396021684,0.002712477396021684,0.5
BPIC15_4,handover,0.675,net benefit (true positives per case),0.0,0.0,0.0040165530671859165,0.6666666666666666
BPIC15_4,handover,0.7,net benefit (true positives per case),0.004043600562587899,0.004043600562587899,0.004043600562587899,0.3333333333333333
BPIC15_4,handover,0.725,net benefit (true positives per case),0.0,0.0016781741465285507,0.0016781741465285507,0.5
BPIC15_4,handover,0.75,net benefit (true positives per case),0.0,0.004746835443037933,0.004746835443037933,0.5
BPIC15_4,handover,0.775,net benefit (true positives per case),0.0,0.002930145335208651,0.002930145335208651,0.5
BPIC15_4,handover,0.8,net benefit (true positives per case),0.0,0.0,0.0,0.16666666666666666
BPIC15_5,duration,0.05,net benefit (true positives per case),5.05586733404e-05,5.05586733404e-05,5.05586733404e-05,0.3333333333333333
BPIC15_5,duration,0.075,net benefit (true positives per case),0.0,0.00011683152893525,0.00011683152893525,0.5
BPIC15_5,duration,0.1,net benefit (true positives per case),0.0,0.0,0.0,0.16666666666666666
BPIC15_5,duration,0.125,net benefit (true positives per case),0.0,0.0,0.0,0.0
BPIC15_5,duration,0.15,net benefit (true positives per case),0.0,0.0,0.0,0.0
BPIC15_5,duration,0.175,net benefit (true positives per case),0.00205222251331765,0.00205222251331765,0.00205222251331765,0.16666666666666666
BPIC15_5,duration,0.2,net benefit (true positives per case),0.0,0.007324687800192098,0.007324687800192098,0.5
BPIC15_5,duration,0.225,net benefit (true positives per case),0.0,0.0032846828421802836,0.0032846828421802836,0.5
BPIC15_5,duration,0.25,net benefit (true positives per case),0.0,0.0,0.0,0.16666666666666666
BPIC15_5,duration,0.275,net benefit (true positives per case),0.0007949915532147666,0.0007949915532147666,0.0,0.6666666666666666
BPIC15_5,duration,0.3,net benefit (true positives per case),0.0,0.0,0.00795937971730478,0.6666666666666666
BPIC15_5,duration,0.325,net benefit (true positives per case),0.0,0.0,0.009641726260362167,0.6666666666666666
BPIC15_5,duration,0.35,net benefit (true positives per case),0.0,0.0,0.011047070124879915,0.6666666666666666
BPIC15_5,duration,0.375,net benefit (true positives per case),0.0,0.0,0.015369836695485127,0.6666666666666666
BPIC15_5,duration,0.4,net benefit (true positives per case),0.0,0.0,0.051232788984950345,0.8333333333333333
BPIC15_5,duration,0.425,net benefit (true positives per case),0.0,0.0,0.0,0.9999999999999999
BPIC15_5,duration,0.45,net benefit (true positives per case),0.0,0.0,0.09601781503798791,0.8333333333333333
BPIC15_5,duration,0.475,net benefit (true positives per case),0.0,0.0,0.0,0.9999999999999999
BPIC15_5,duration,0.5,net benefit (true positives per case),0.0,0.0,0.08837656099903941,0.6666666666666666
BPIC15_5,duration,0.525,net benefit (true positives per case),0.06044289397846197,0.06044289397846197,0.06044289397846197,0.5
BPIC15_5,duration,0.55,net benefit (true positives per case),0.004642971501761101,0.004642971501761101,0.004642971501761101,0.5
BPIC15_5,duration,0.575,net benefit (true positives per case),0.0,0.0,0.0,0.3333333333333333
BPIC15_5,duration,0.6,net benefit (true positives per case),0.0026416906820365404,0.0026416906820365404,0.0026416906820365404,0.16666666666666666
BPIC15_5,duration,0.625,net benefit (true positives per case),0.0,0.0,0.0,0.0
BPIC15_5,duration,0.65,net benefit (true positives per case),0.0,0.0,0.0,0.16666666666666666
BPIC15_5,duration,0.675,net benefit (true positives per case),0.0,0.0,0.0,0.16666666666666666
BPIC15_5,duration,0.7,net benefit (true positives per case),0.0,0.0,0.0,0.5
BPIC15_5,duration,0.725,net benefit (true positives per case),0.018775652781416484,0.018775652781416484,0.0,0.6666666666666666
BPIC15_5,duration,0.75,net benefit (true positives per case),0.01585014409221907,0.01585014409221907,0.0,0.8333333333333333
BPIC15_5,duration,0.775,net benefit (true positives per case),0.004536236524709187,0.004536236524709187,0.0,0.8333333333333333
BPIC15_5,duration,0.8,net benefit (true positives per case),0.005283381364073051,0.005283381364073051,0.0,0.6666666666666666
BPIC17,duration,0.05,net benefit (true positives per case),0.0,0.0,0.0,0.0
BPIC17,duration,0.075,net benefit (true positives per case),0.0,0.0,0.0,0.0
BPIC17,duration,0.1,net benefit (true positives per case),0.0,0.0,0.0,0.0
BPIC17,duration,0.125,net benefit (true positives per case),0.0,0.0,0.0,0.0
BPIC17,duration,0.15,net benefit (true positives per case),0.0,0.0,0.0,0.3333333333333333
BPIC17,duration,0.175,net benefit (true positives per case),0.0,0.0,0.0,0.16666666666666666
BPIC17,duration,0.2,net benefit (true positives per case),8.81554356641418e-06,8.81554356641418e-06,8.81554356641418e-06,0.3333333333333333
BPIC17,duration,0.225,net benefit (true positives per case),0.0,0.0,0.0,0.3333333333333333
BPIC17,duration,0.25,net benefit (true positives per case),0.0,0.0,0.0,0.16666666666666666
BPIC17,duration,0.275,net benefit (true positives per case),0.0,0.0,0.0,0.3333333333333333
BPIC17,duration,0.3,net benefit (true positives per case),0.0,0.0,0.0,0.0
BPIC17,duration,0.325,net benefit (true positives per case),0.0,1.8937093587131817e-05,1.8937093587131817e-05,0.5
BPIC17,duration,0.35,net benefit (true positives per case),0.0,0.0,0.0,0.16666666666666666
BPIC17,duration,0.375,net benefit (true positives per case),0.00022215169787373316,0.00022215169787373316,0.00022215169787373316,0.3333333333333333
BPIC17,duration,0.4,net benefit (true positives per case),0.0,0.0,0.0,0.3333333333333333
BPIC17,duration,0.425,net benefit (true positives per case),1.6097949121277847e-05,0.0,0.0,0.5
BPIC17,duration,0.45,net benefit (true positives per case),0.0,0.0,0.0,0.5
BPIC17,duration,0.475,net benefit (true positives per case),0.00024683521985968335,0.0,0.0,0.5
BPIC17,duration,0.5,net benefit (true positives per case),0.0,0.0,0.0,0.9999999999999999
BPIC17,duration,0.525,net benefit (true positives per case),0.0,0.0,0.0,0.9999999999999999
BPIC17,duration,0.55,net benefit (true positives per case),0.0,0.0,0.003982666682338699,0.8333333333333333
BPIC17,duration,0.575,net benefit (true positives per case),0.0,0.002730744260044016,0.002730744260044016,0.5
BPIC17,duration,0.6,net benefit (true positives per case),0.0008639232695088161,0.0008639232695088161,0.0008639232695088161,0.3333333333333333
BPIC17,duration,0.625,net benefit (true positives per case),0.0,0.00018218790037259993,0.00018218790037259993,0.5
BPIC17,duration,0.65,net benefit (true positives per case),0.0,0.0,0.0,0.3333333333333333
BPIC17,duration,0.675,net benefit (true positives per case),0.0,0.0007893302085621935,0.0007893302085621935,0.5
BPIC17,duration,0.7,net benefit (true positives per case),0.0,0.000875677327597333,0.000875677327597333,0.5
BPIC17,duration,0.725,net benefit (true positives per case),0.0006138823974431833,0.0006138823974431833,0.0006138823974431833,0.3333333333333333
BPIC17,duration,0.75,net benefit (true positives per case),0.0,0.0,0.0,0.0
BPIC17,duration,0.775,net benefit (true positives per case),0.0,0.0,0.0,0.0
BPIC17,duration,0.8,net benefit (true positives per case),0.0,0.0,0.0,0.16666666666666666
BPIC19,duration,0.05,net benefit (true positives per case),0.0,0.0,0.0009031994586378155,0.8333333333333333
BPIC19,duration,0.075,net benefit (true positives per case),0.0,0.0,0.0,0.9999999999999999
BPIC19,duration,0.1,net benefit (true positives per case),0.0,0.0,0.0,0.9999999999999999
BPIC19,duration,0.125,net benefit (true positives per case),0.0,0.0,0.0,0.9999999999999999
BPIC19,duration,0.15,net benefit (true positives per case),0.0,0.0,0.0,0.9999999999999999
BPIC19,duration,0.175,net benefit (true positives per case),0.0,0.0,0.0,0.9999999999999999
BPIC19,duration,0.2,net benefit (true positives per case),0.0,0.0,0.0,0.9999999999999999
BPIC19,duration,0.225,net benefit (true positives per case),0.0,0.0,0.0,0.9999999999999999
BPIC19,duration,0.25,net benefit (true positives per case),0.0,0.0,0.0,0.9999999999999999
BPIC19,duration,0.275,net benefit (true positives per case),0.0,0.0,0.0,0.9999999999999999
BPIC19,duration,0.3,net benefit (true positives per case),0.0,0.0,0.0,0.9999999999999999
BPIC19,duration,0.325,net benefit (true positives per case),0.0,0.0,0.0,0.9999999999999999
BPIC19,duration,0.35,net benefit (true positives per case),0.0,0.0,0.0,0.9999999999999999
BPIC19,duration,0.375,net benefit (true positives per case),0.0,0.0,0.0,0.9999999999999999
BPIC19,duration,0.4,net benefit (true positives per case),0.0,0.0,0.0,0.9999999999999999
BPIC19,duration,0.425,net benefit (true positives per case),0.0,0.0,0.11413602397567119,0.8333333333333333
BPIC19,duration,0.45,net benefit (true positives per case),0.0,0.0,0.11258939416008305,0.6666666666666666
BPIC19,duration,0.475,net benefit (true positives per case),0.0,0.10086566902551858,0.10086566902551858,0.5
BPIC19,duration,0.5,net benefit (true positives per case),0.0,0.0,0.10467507933775587,0.8333333333333333
BPIC19,duration,0.525,net benefit (true positives per case),0.0,0.0,0.12252244466916024,0.6666666666666666
BPIC19,duration,0.55,net benefit (true positives per case),0.08011776954852394,0.0,0.0,0.5
BPIC19,duration,0.575,net benefit (true positives per case),0.09014139944453833,0.0,0.0,0.5
BPIC19,duration,0.6,net benefit (true positives per case),0.10536914677153818,0.0,0.0,0.5
BPIC19,duration,0.625,net benefit (true positives per case),0.0,0.0,0.0,0.0
BPIC19,duration,0.65,net benefit (true positives per case),0.0,0.0,0.0,0.0
BPIC19,duration,0.675,net benefit (true positives per case),0.0,0.0,0.0,0.0
BPIC19,duration,0.7,net benefit (true positives per case),0.0,0.0,0.0,0.0
BPIC19,duration,0.725,net benefit (true positives per case),0.0,0.0,0.0,0.0
BPIC19,duration,0.75,net benefit (true positives per case),0.0,0.0,0.0,0.0
BPIC19,duration,0.775,net benefit (true positives per case),0.0,0.0,0.0,0.0
BPIC19,duration,0.8,net benefit (true positives per case),0.0,0.0,0.0,0.0
Helpdesk,duration,0.05,net benefit (true positives per case),0.0,0.0,0.0,0.0
Helpdesk,duration,0.075,net benefit (true positives per case),0.0,0.0,0.0,0.0
Helpdesk,duration,0.1,net benefit (true positives per case),0.0,0.0,0.0,0.0
Helpdesk,duration,0.125,net benefit (true positives per case),0.0,0.0,0.0,0.0
Helpdesk,duration,0.15,net benefit (true positives per case),0.0,0.0,0.0,0.0
Helpdesk,duration,0.175,net benefit (true positives per case),0.0,0.0,0.0,0.0
Helpdesk,duration,0.2,net benefit (true positives per case),0.0,0.0,0.0,0.0
Helpdesk,duration,0.225,net benefit (true positives per case),0.0,2.347748509178333e-05,2.347748509178333e-05,0.5
Helpdesk,duration,0.25,net benefit (true positives per case),0.0,0.0,0.00020216723273490741,0.6666666666666666
Helpdesk,duration,0.275,net benefit (true positives per case),0.0,0.0,0.0,0.16666666666666666
Helpdesk,duration,0.3,net benefit (true positives per case),0.0,0.0,0.0,0.0
Helpdesk,duration,0.325,net benefit (true positives per case),0.0,0.0,0.0,0.3333333333333333
Helpdesk,duration,0.35,net benefit (true positives per case),0.0,0.0,0.0,0.3333333333333333
Helpdesk,duration,0.375,net benefit (true positives per case),0.00033964095099466626,0.00033964095099466626,0.00033964095099466626,0.16666666666666666
Helpdesk,duration,0.4,net benefit (true positives per case),0.0,0.0,0.0029516415979298,0.6666666666666666
Helpdesk,duration,0.425,net benefit (true positives per case),0.0,0.0,0.0016876568993523786,0.6666666666666666
Helpdesk,duration,0.45,net benefit (true positives per case),0.0,0.0,0.0,0.16666666666666666
Helpdesk,duration,0.475,net benefit (true positives per case),0.0,0.0,0.0,0.16666666666666666
Helpdesk,duration,0.5,net benefit (true positives per case),0.0014556040756914172,0.0014556040756914172,0.0014556040756914172,0.5
Helpdesk,duration,0.525,net benefit (true positives per case),0.0,0.0004979698153680994,0.0004979698153680994,0.5
Helpdesk,duration,0.55,net benefit (true positives per case),0.0,0.0,0.0,0.5
Helpdesk,duration,0.575,net benefit (true positives per case),0.0,0.0,0.0,0.0
Helpdesk,duration,0.6,net benefit (true positives per case),0.0,0.0,0.0,0.0
Helpdesk,duration,0.625,net benefit (true positives per case),0.0,0.0,0.0,0.0
Helpdesk,duration,0.65,net benefit (true positives per case),0.0,0.0,0.0,0.16666666666666666
Helpdesk,duration,0.675,net benefit (true positives per case),0.0,0.0,0.0,0.16666666666666666
Helpdesk,duration,0.7,net benefit (true positives per case),0.0,0.0,0.0,0.5
Helpdesk,duration,0.725,net benefit (true positives per case),0.0,0.004951259318071534,0.004951259318071534,0.5
Helpdesk,duration,0.75,net benefit (true positives per case),0.0,0.0,0.020621057738961647,0.8333333333333333
Helpdesk,duration,0.775,net benefit (true positives per case),0.0,0.0,0.03936869912124644,0.8333333333333333
Helpdesk,duration,0.8,net benefit (true positives per case),0.0,0.0,0.0,0.9999999999999999
RoadFines,duration,0.05,net benefit (true positives per case),0.0,0.0,0.0,0.0
RoadFines,duration,0.075,net benefit (true positives per case),0.0,0.0,0.0,0.0
RoadFines,duration,0.1,net benefit (true positives per case),0.0,0.0,0.0,0.0
RoadFines,duration,0.125,net benefit (true positives per case),0.0,0.0,0.0,0.0
RoadFines,duration,0.15,net benefit (true positives per case),0.0,0.0,0.0,0.0
RoadFines,duration,0.175,net benefit (true positives per case),0.0,8.620710888455434e-06,8.620710888455434e-06,0.5
RoadFines,duration,0.2,net benefit (true positives per case),0.0,0.0,0.0,0.3333333333333333
RoadFines,duration,0.225,net benefit (true positives per case),0.0,0.0,0.0,0.3333333333333333
RoadFines,duration,0.25,net benefit (true positives per case),0.0,0.0,0.0,0.16666666666666666
RoadFines,duration,0.275,net benefit (true positives per case),2.2931940294364707e-06,2.2931940294364707e-06,2.2931940294364707e-06,0.16666666666666666
RoadFines,duration,0.3,net benefit (true positives per case),2.1111945032921873e-06,2.1111945032921873e-06,2.1111945032921873e-06,0.16666666666666666
RoadFines,duration,0.325,net benefit (true positives per case),0.0,0.0,0.0,0.0
RoadFines,duration,0.35,net benefit (true positives per case),0.0,1.3925763742872464e-05,1.3925763742872464e-05,0.5
RoadFines,duration,0.375,net benefit (true positives per case),1.1083771142283982e-05,1.1083771142283982e-05,1.1083771142283982e-05,0.3333333333333333
RoadFines,duration,0.4,net benefit (true positives per case),0.0,0.0005024642917839612,0.0005024642917839612,0.5
RoadFines,duration,0.425,net benefit (true positives per case),0.0,0.0,0.0007792373016125112,0.6666666666666666
RoadFines,duration,0.45,net benefit (true positives per case),0.0,0.0,0.0,0.9999999999999999
RoadFines,duration,0.475,net benefit (true positives per case),0.0,0.0,0.0,0.9999999999999999
RoadFines,duration,0.5,net benefit (true positives per case),0.0,0.0,0.0,0.16666666666666666
RoadFines,duration,0.525,net benefit (true positives per case),0.0,0.0,0.0,0.9999999999999999
RoadFines,duration,0.55,net benefit (true positives per case),0.0,0.0,0.010049285835679368,0.8333333333333333
RoadFines,duration,0.575,net benefit (true positives per case),0.0,0.0,0.016765181832525487,0.8333333333333333
RoadFines,duration,0.6,net benefit (true positives per case),0.0,0.0,0.0,0.9999999999999999
RoadFines,duration,0.625,net benefit (true positives per case),0.0,0.0,0.01676358808765537,0.8333333333333333
RoadFines,duration,0.65,net benefit (true positives per case),0.0,0.0,0.006429642859781816,0.6666666666666666
RoadFines,duration,0.675,net benefit (true positives per case),0.0,0.0,0.0024776491491926332,0.6666666666666666
RoadFines,duration,0.7,net benefit (true positives per case),0.0,0.0015320234778903332,0.0015320234778903332,0.5
RoadFines,duration,0.725,net benefit (true positives per case),0.0,0.00021395037023153745,0.00021395037023153745,0.5
RoadFines,duration,0.75,net benefit (true positives per case),0.0,0.0,0.000332513134268779,0.8333333333333333
RoadFines,duration,0.775,net benefit (true positives per case),0.00029926182084190876,0.00029926182084190876,0.00029926182084190876,0.3333333333333333
RoadFines,duration,0.8,net benefit (true positives per case),1.395910297075087e-18,1.395910297075087e-18,1.395910297075087e-18,0.3333333333333333
Sepsis,duration,0.05,net benefit (true positives per case),0.0,0.0,0.0,0.9999999999999999
Sepsis,duration,0.075,net benefit (true positives per case),0.0,0.0,0.0,0.9999999999999999
Sepsis,duration,0.1,net benefit (true positives per case),0.0,0.0,0.0,0.9999999999999999
Sepsis,duration,0.125,net benefit (true positives per case),0.0,0.0,0.0,0.9999999999999999
Sepsis,duration,0.15,net benefit (true positives per case),0.0,0.0,0.0,0.9999999999999999
Sepsis,duration,0.175,net benefit (true positives per case),0.0,0.0,0.0,0.9999999999999999
Sepsis,duration,0.2,net benefit (true positives per case),0.0,0.0,0.0,0.9999999999999999
Sepsis,duration,0.225,net benefit (true positives per case),0.0,0.0,0.0,0.9999999999999999
Sepsis,duration,0.25,net benefit (true positives per case),0.0,0.0,0.0,0.9999999999999999
Sepsis,duration,0.275,net benefit (true positives per case),0.0,0.0,0.0,0.9999999999999999
Sepsis,duration,0.3,net benefit (true positives per case),0.0,0.0,0.0,0.9999999999999999
Sepsis,duration,0.325,net benefit (true positives per case),0.0,0.0,0.0,0.9999999999999999
Sepsis,duration,0.35,net benefit (true positives per case),0.0,0.0,0.0,0.9999999999999999
Sepsis,duration,0.375,net benefit (true positives per case),0.0,0.0,0.0,0.9999999999999999
Sepsis,duration,0.4,net benefit (true positives per case),0.0,0.0,0.0,0.9999999999999999
Sepsis,duration,0.425,net benefit (true positives per case),0.0,0.0,0.0,0.9999999999999999
Sepsis,duration,0.45,net benefit (true positives per case),0.0,0.0,0.0,0.9999999999999999
Sepsis,duration,0.475,net benefit (true positives per case),0.0,0.0,0.0,0.9999999999999999
Sepsis,duration,0.5,net benefit (true positives per case),0.0,0.0,0.0,0.9999999999999999
Sepsis,duration,0.525,net benefit (true positives per case),0.0,0.0,0.0,0.9999999999999999
Sepsis,duration,0.55,net benefit (true positives per case),0.0,0.0,0.0,0.9999999999999999
Sepsis,duration,0.575,net benefit (true positives per case),0.0,0.0,0.0,0.9999999999999999
Sepsis,duration,0.6,net benefit (true positives per case),0.0,0.0,0.0,0.9999999999999999
Sepsis,duration,0.625,net benefit (true positives per case),0.0,0.0,0.0493827160493827,0.8333333333333333
Sepsis,duration,0.65,net benefit (true positives per case),0.0,0.02690854119425541,0.02690854119425541,0.5
Sepsis,duration,0.675,net benefit (true positives per case),0.0,0.010337810337810296,0.010337810337810296,0.5
Sepsis,duration,0.7,net benefit (true positives per case),0.0,0.0,0.0,0.5
Sepsis,duration,0.725,net benefit (true positives per case),0.0,0.0,0.0,0.5
Sepsis,duration,0.75,net benefit (true positives per case),0.0,0.0,0.0,0.5
Sepsis,duration,0.775,net benefit (true positives per case),0.0,0.0,0.0,0.5
Sepsis,duration,0.8,net benefit (true positives per case),0.0,0.0,0.0,0.3333333333333333
UCI498,duration,0.05,net benefit (true positives per case),0.0,0.0,0.0,0.0
UCI498,duration,0.075,net benefit (true positives per case),0.0,0.0,0.0,0.0
UCI498,duration,0.1,net benefit (true positives per case),0.0,0.0,0.0,0.0
UCI498,duration,0.125,net benefit (true positives per case),2.2293561619399998e-05,2.2293561619399998e-05,2.2293561619399998e-05,0.16666666666666666
UCI498,duration,0.15,net benefit (true positives per case),0.0,0.0,0.0,0.16666666666666666
UCI498,duration,0.175,net benefit (true positives per case),0.0,0.0,0.0,0.16666666666666666
UCI498,duration,0.2,net benefit (true positives per case),0.0,0.0,0.0,0.5
UCI498,duration,0.225,net benefit (true positives per case),0.0,0.0,0.0,0.5
UCI498,duration,0.25,net benefit (true positives per case),0.005105225610843599,0.0,0.0,0.5
UCI498,duration,0.275,net benefit (true positives per case),0.0,0.0,0.0,0.5
UCI498,duration,0.3,net benefit (true positives per case),0.0,0.0,0.0,0.5
UCI498,duration,0.325,net benefit (true positives per case),0.0,0.0,0.0,0.5
UCI498,duration,0.35,net benefit (true positives per case),0.0,0.0,0.0,0.3333333333333333
UCI498,duration,0.375,net benefit (true positives per case),0.0,0.0,0.0,0.3333333333333333
UCI498,duration,0.4,net benefit (true positives per case),0.005350454788657017,0.005350454788657017,0.005350454788657017,0.5
UCI498,duration,0.425,net benefit (true positives per case),0.006273214382642817,0.006273214382642817,0.006273214382642817,0.5
UCI498,duration,0.45,net benefit (true positives per case),0.0,0.0,0.03995006242197246,0.8333333333333333
UCI498,duration,0.475,net benefit (true positives per case),0.0,0.0,0.0,0.9999999999999999
UCI498,duration,0.5,net benefit (true positives per case),0.0215355805243446,0.0215355805243446,0.0,0.6666666666666666
UCI498,duration,0.525,net benefit (true positives per case),0.0079435480085983,0.0079435480085983,0.0,0.6666666666666666
UCI498,duration,0.55,net benefit (true positives per case),0.0,0.0,0.0017339436815091997,0.6666666666666666
UCI498,duration,0.575,net benefit (true positives per case),0.0,0.0,0.005562899317030166,0.6666666666666666
UCI498,duration,0.6,net benefit (true positives per case),0.00501605136436595,0.00501605136436595,0.00501605136436595,0.5
UCI498,duration,0.625,net benefit (true positives per case),0.002177337851495183,0.002177337851495183,0.002177337851495183,0.3333333333333333
UCI498,duration,0.65,net benefit (true positives per case),0.0027675864353232,0.0027675864353232,0.0027675864353232,0.3333333333333333
UCI498,duration,0.675,net benefit (true positives per case),0.0,0.0,0.0,0.3333333333333333
UCI498,duration,0.7,net benefit (true positives per case),0.0006762380357886,0.0,0.0,0.5
UCI498,duration,0.725,net benefit (true positives per case),0.0,0.0,0.0,0.3333333333333333
UCI498,duration,0.75,net benefit (true positives per case),0.0,0.0015159621901195,0.0015159621901195,0.5
UCI498,duration,0.775,net benefit (true positives per case),0.001285595386718983,0.001285595386718983,0.001285595386718983,0.3333333333333333
UCI498,duration,0.8,net benefit (true positives per case),0.0,0.0026083467094702995,0.0026083467094702995,0.5
UCI498,handover,0.05,net benefit (true positives per case),0.0,0.0,0.0,0.3333333333333333
UCI498,handover,0.075,net benefit (true positives per case),0.0,0.0,0.0,0.3333333333333333
UCI498,handover,0.1,net benefit (true positives per case),2.9724748825873558e-05,2.9724748825873558e-05,2.9724748825873558e-05,0.5
UCI498,handover,0.125,net benefit (true positives per case),0.0,0.0,0.0,0.3333333333333333
UCI498,handover,0.15,net benefit (true positives per case),0.0,8.261731658955004e-05,8.261731658955004e-05,0.5
UCI498,handover,0.175,net benefit (true positives per case),0.0,0.0,0.0006026017261972,0.6666666666666666
UCI498,handover,0.2,net benefit (true positives per case),0.0,0.0,0.0009530497592294833,0.6666666666666666
UCI498,handover,0.225,net benefit (true positives per case),0.0,0.0,0.0015756514034875701,0.6666666666666666
UCI498,handover,0.25,net benefit (true positives per case),0.0,0.0013970631948159833,0.0013970631948159833,0.5
UCI498,handover,0.275,net benefit (true positives per case),0.0,0.0,0.0022493434930474666,0.6666666666666666
UCI498,handover,0.3,net benefit (true positives per case),0.0,0.0,0.0010223190399755333,0.6666666666666666
UCI498,handover,0.325,net benefit (true positives per case),0.0,0.0,9.743112115146672e-05,0.6666666666666666
UCI498,handover,0.35,net benefit (true positives per case),0.0,0.0,0.018928948704229596,0.6666666666666666
UCI498,handover,0.375,net benefit (true positives per case),0.002349741394685228,0.002349741394685228,0.002349741394685228,0.3333333333333333
UCI498,handover,0.4,net benefit (true positives per case),0.0,0.00020807324178113312,0.00020807324178113312,0.5
UCI498,handover,0.425,net benefit (true positives per case),0.0,0.0,0.001139879498453033,0.6666666666666666
UCI498,handover,0.45,net benefit (true positives per case),0.0,0.0,0.0,0.5
UCI498,handover,0.475,net benefit (true positives per case),0.00035245059322105586,0.00035245059322105586,0.0,0.6666666666666666
UCI498,handover,0.5,net benefit (true positives per case),0.00020064205457464993,0.0,0.0,0.5
UCI498,handover,0.525,net benefit (true positives per case),0.00036373705800080017,0.00036373705800080017,0.0,0.6666666666666666
UCI498,handover,0.55,net benefit (true positives per case),0.0005226601668549166,0.0,0.0,0.5
UCI498,handover,0.575,net benefit (true positives per case),0.0015592379273807002,0.0,0.0,0.5
UCI498,handover,0.6,net benefit (true positives per case),0.002095594792224016,0.0,0.0,0.5
UCI498,handover,0.625,net benefit (true positives per case),0.0,0.0,0.0,0.3333333333333333
UCI498,handover,0.65,net benefit (true positives per case),0.0,0.0,0.0,0.3333333333333333
UCI498,handover,0.675,net benefit (true positives per case),0.0,0.0,0.0,0.16666666666666666
UCI498,handover,0.7,net benefit (true positives per case),0.0,0.0,0.0,0.16666666666666666
UCI498,handover,0.725,net benefit (true positives per case),0.0,0.0,0.0,0.16666666666666666
UCI498,handover,0.75,net benefit (true positives per case),0.0,0.0,0.0,0.16666666666666666
UCI498,handover,0.775,net benefit (true positives per case),0.0,0.0,0.0,0.0
UCI498,handover,0.8,net benefit (true positives per case),0.0,0.0,0.0,0.0
