log,target,rung,learner,calibration,arm,n_test,ece,brier,cal_slope,cal_intercept
BPIC15_1,duration,B_half,logit,raw,without_f,360,0.18966413221955336,0.25201529042223425,0.7615742855201189,-0.7514727044054844
BPIC15_1,duration,B_half,logit,raw,with_f,360,0.16804622062667995,0.23144008706712846,0.9681754791392032,-0.8320032509744048
BPIC15_1,duration,B_half,logit,platt,without_f,360,0.13782911247627955,0.23755310029058363,1.085081233528889,-0.492925913741726
BPIC15_1,duration,B_half,logit,platt,with_f,360,0.1528921781296349,0.2235646705914074,1.069785348126247,-0.707680264265365
BPIC15_1,duration,B_half,logit,isotonic,without_f,360,0.20965345962735335,0.25862504814496345,0.33776655083455587,-0.8984386221392147
BPIC15_1,duration,B_half,logit,isotonic,with_f,360,0.15859927618992797,0.22672030417574815,0.7634679075581307,-0.8698902168560515
BPIC15_1,duration,B_half,hgb,raw,without_f,360,0.21036878339618925,0.2609669588641631,0.7012676639305715,-0.9627259072999927
BPIC15_1,duration,B_half,hgb,raw,with_f,360,0.16236800196387532,0.255726503514341,0.29894962307470385,0.03157845496276935
BPIC15_1,duration,B_half,hgb,platt,without_f,360,0.11169772628398013,0.2248903142682031,1.1554468982823098,-0.2896066847257802
BPIC15_1,duration,B_half,hgb,platt,with_f,360,0.10517311328297803,0.21451356025573404,1.2383628058185525,-0.4271510637265458
BPIC15_1,duration,B_half,hgb,isotonic,without_f,360,0.13046397009101243,0.2272225055216692,0.9895238034740079,-0.3402928892562683
BPIC15_1,duration,B_half,hgb,isotonic,with_f,360,0.12670086311411224,0.2203742032558165,0.9289175763063316,-0.5947848125901083
BPIC15_1,duration,B_intake,logit,raw,without_f,360,0.18693049540947337,0.20872038340587803,1.1337604851720173,-0.9405954219432645
BPIC15_1,duration,B_intake,logit,raw,with_f,360,0.20576178249298616,0.2222469741903078,1.010139891596199,-1.1610454095675062
BPIC15_1,duration,B_intake,logit,platt,without_f,360,0.18367697881921294,0.20692283700446976,1.875321026321063,-0.6451495319707622
BPIC15_1,duration,B_intake,logit,platt,with_f,360,0.17859160514644776,0.2098831220280118,1.7145547020564238,-0.762927929856717
BPIC15_1,duration,B_intake,logit,isotonic,without_f,360,0.1553612173202385,0.20133830472957975,0.9182853072461592,-0.7834644023656487
BPIC15_1,duration,B_intake,logit,isotonic,with_f,360,0.1858070478031114,0.21353991551780085,1.2461287279684554,-0.9578671974348333
BPIC15_1,duration,B_intake,hgb,raw,without_f,360,0.23617200890966208,0.28063369035090535,0.4169781209692097,-1.1702790797342166
BPIC15_1,duration,B_intake,hgb,raw,with_f,360,0.21381922741486942,0.27838035976711245,0.31912272451690005,-1.1428846173502856
BPIC15_1,duration,B_intake,hgb,platt,without_f,360,0.18343508116131432,0.20854048123757887,2.37539792373695,-0.39774120381474104
BPIC15_1,duration,B_intake,hgb,platt,with_f,360,0.16019594424079056,0.20775133039854782,2.215472216274638,-0.48919746786618884
BPIC15_1,duration,B_intake,hgb,isotonic,without_f,360,0.14497502327488826,0.20347542107020797,1.4880121393021408,-0.5804396772973096
BPIC15_1,duration,B_intake,hgb,isotonic,with_f,360,0.15073975359124184,0.20927216503899776,1.445552575382768,-0.668443705888604
BPIC15_1,duration,B_intake_g,logit,raw,without_f,360,0.18974857910820497,0.21451017416546017,1.1103794152815962,-0.991315083777596
BPIC15_1,duration,B_intake_g,logit,raw,with_f,360,0.21422536725155758,0.2275169907319439,0.9972146651492252,-1.2037009159210368
BPIC15_1,duration,B_intake_g,logit,platt,without_f,360,0.18906890916316701,0.21047606850153974,1.9112577042070023,-0.6464699946321365
BPIC15_1,duration,B_intake_g,logit,platt,with_f,360,0.18185354635953677,0.21245958620421151,1.748465013495732,-0.7575768684137218
BPIC15_1,duration,B_intake_g,logit,isotonic,without_f,360,0.1540410992742022,0.2018929285690969,0.9491504329611691,-0.7653150318537866
BPIC15_1,duration,B_intake_g,logit,isotonic,with_f,360,0.18301011607760145,0.21309219703951066,1.3150721040069573,-0.9246849847325986
BPIC15_1,duration,B_intake_g,hgb,raw,without_f,360,0.22723523113783173,0.27531599522903566,0.4169717503338186,-1.1904778895225607
BPIC15_1,duration,B_intake_g,hgb,raw,with_f,360,0.21613567673856812,0.2799275948194102,0.3406050110075147,-1.3188479450572783
BPIC15_1,duration,B_intake_g,hgb,platt,without_f,360,0.19664773595251406,0.2137764956967464,3.483033250060437,-0.3515157749107407
BPIC15_1,duration,B_intake_g,hgb,platt,with_f,360,0.1644489566235908,0.20468360881109363,2.264153147240845,-0.47017756392724425
BPIC15_1,duration,B_intake_g,hgb,isotonic,without_f,360,0.1507969801211479,0.2001885991174695,1.8813271941419125,-0.5305162284627348
BPIC15_1,duration,B_intake_g,hgb,isotonic,with_f,360,0.14796216550254032,0.20183262634114205,1.644535683507242,-0.6147348628507538
BPIC13_closed,handover,B_half,logit,raw,without_f,447,0.16252776419559506,0.2709045694949956,-0.27955752728433386,-0.7973771125128859
BPIC13_closed,handover,B_half,logit,raw,with_f,447,0.1732674733072081,0.27416491454970615,-0.09517800710000451,-0.8188888127279182
BPIC13_closed,handover,B_half,logit,platt,without_f,447,0.15532542265395244,0.24926479679167668,-0.14346228011440343,-0.747297332425392
BPIC13_closed,handover,B_half,logit,platt,with_f,447,0.15279955388315375,0.24856060301387878,-0.01995644618776543,-0.7335790883620704
BPIC13_closed,handover,B_half,logit,isotonic,without_f,447,0.1493595238573179,0.26222238524343916,-0.28804157642818834,-0.6621101401201163
BPIC13_closed,handover,B_half,logit,isotonic,with_f,447,0.14580178067496258,0.2615232418779942,-0.2012455708781624,-0.6935741920643465
BPIC13_closed,handover,B_half,hgb,raw,without_f,447,0.21119345266741976,0.28316947392794006,-0.045554666432916224,-0.8942232201967649
BPIC13_closed,handover,B_half,hgb,raw,with_f,447,0.2660615986370011,0.3259804216737561,-0.009419112948673295,-1.2140378696363991
BPIC13_closed,handover,B_half,hgb,platt,without_f,447,0.2191631782464447,0.2608556984915449,-0.4164072002814457,-0.7851247749948619
BPIC13_closed,handover,B_half,hgb,platt,with_f,447,0.1560966963634437,0.23805690376033553,-0.12461409094736371,-0.6839044581485018
BPIC13_closed,handover,B_half,hgb,isotonic,without_f,447,0.12647689422569583,0.2806159735350965,-0.1962860385306671,-0.6491018922430464
BPIC13_closed,handover,B_half,hgb,isotonic,with_f,447,0.18829076570675063,0.25764570364480605,-0.4022408475514717,-0.6782590898988258
BPIC13_closed,handover,B_intake,logit,raw,without_f,447,0.13745429884563581,0.20019535772549726,0.6835684189532436,-0.597060045732413
BPIC13_closed,handover,B_intake,logit,raw,with_f,447,0.10634814453592581,0.20187765804939392,0.6169022738690775,-0.5606272042086489
BPIC13_closed,handover,B_intake,logit,platt,without_f,447,0.14654713572177286,0.19726074295706963,0.8943224024838314,-0.5695896626762794
BPIC13_closed,handover,B_intake,logit,platt,with_f,447,0.11297979608364611,0.19714676247070273,0.8490520711609301,-0.543100271064924
BPIC13_closed,handover,B_intake,logit,isotonic,without_f,447,0.09532844170188814,0.1924460278716577,0.9885916610545138,-0.4366704808700425
BPIC13_closed,handover,B_intake,logit,isotonic,with_f,447,0.1034940700400675,0.195295867035122,0.8644030511593745,-0.4553412699351758
BPIC13_closed,handover,B_intake,hgb,raw,without_f,447,0.15998535029403724,0.22997733195472503,0.24548507474502915,-0.36849348177706087
BPIC13_closed,handover,B_intake,hgb,raw,with_f,447,0.1673963116294184,0.22768199675993026,0.27033827381225006,-0.5609077486153845
BPIC13_closed,handover,B_intake,hgb,platt,without_f,447,0.08271827378080321,0.1844851320901579,1.8639058018592036,-0.29844362669765256
BPIC13_closed,handover,B_intake,hgb,platt,with_f,447,0.07959550800435566,0.18887944250647015,1.304338165872069,-0.3241560518295874
BPIC13_closed,handover,B_intake,hgb,isotonic,without_f,447,0.08316944476043317,0.1863112018380539,0.3253493276127545,-0.23181847374126
BPIC13_closed,handover,B_intake,hgb,isotonic,with_f,447,0.086983550280047,0.1945849461702426,0.9074171135068378,-0.2641264251194006
BPIC13_closed,handover,B_intake_g,logit,raw,without_f,447,0.09700619412989762,0.1673565284722028,0.9988422051632648,-0.4186393807845506
BPIC13_closed,handover,B_intake_g,logit,raw,with_f,447,0.1067746592596689,0.17037782704631146,0.9156710480427758,-0.3683372749793321
BPIC13_closed,handover,B_intake_g,logit,platt,without_f,447,0.10067361091254283,0.17105341464897705,1.146501071194139,-0.42080596167071993
BPIC13_closed,handover,B_intake_g,logit,platt,with_f,447,0.09793390145305174,0.1734609992455072,1.1161624474292455,-0.3965625529168425
BPIC13_closed,handover,B_intake_g,logit,isotonic,without_f,447,0.07241483400033712,0.17067569171720745,1.1735042633617314,-0.366071003259781
BPIC13_closed,handover,B_intake_g,logit,isotonic,with_f,447,0.08479744049119155,0.17584117698866678,1.0422520811410745,-0.3423821899661337
BPIC13_closed,handover,B_intake_g,hgb,raw,without_f,447,0.13474252785493532,0.17179380505949493,0.44282966733382373,-0.1849012061462502
BPIC13_closed,handover,B_intake_g,hgb,raw,with_f,447,0.11340436023008346,0.17092416226440887,0.3927866956540871,-0.19425903723847157
BPIC13_closed,handover,B_intake_g,hgb,platt,without_f,447,0.12135358114423223,0.16123788736164923,2.328790915401403,-0.25778448203962706
BPIC13_closed,handover,B_intake_g,hgb,platt,with_f,447,0.11878711267070394,0.16168785610904354,1.9446981606183746,-0.279513217870508
BPIC13_closed,handover,B_intake_g,hgb,isotonic,without_f,447,0.09758503839432245,0.1635313525176177,2.5952906793854083,-0.18102815497380292
BPIC13_closed,handover,B_intake_g,hgb,isotonic,with_f,447,0.08994842378384496,0.16278543577729232,2.0147697645706977,-0.18462961688011703
BPIC13_incidents,duration,B_half,logit,raw,without_f,2267,0.3280320381090244,0.2400378351789849,0.6798218936570324,-1.7018668764349971
BPIC13_incidents,duration,B_half,logit,raw,with_f,2267,0.2954986768600485,0.22641029746037605,0.6265666927453971,-1.7516627096657622
BPIC13_incidents,duration,B_half,logit,platt,without_f,2267,0.32947829732440365,0.24040230381079986,0.7172754101758392,-1.6999906708259591
BPIC13_incidents,duration,B_half,logit,platt,with_f,2267,0.30419764934180976,0.22495273215197567,0.7968089163113545,-1.7033957601549268
BPIC13_incidents,duration,B_half,logit,isotonic,without_f,2267,0.32875357645693687,0.24083523025566306,0.6595432449242832,-1.7098945372767624
BPIC13_incidents,duration,B_half,logit,isotonic,with_f,2267,0.29805599026321505,0.22611603106515346,0.7175333462453155,-1.7210331433555044
BPIC13_incidents,duration,B_half,hgb,raw,without_f,2267,0.31686563071691337,0.23318775821906457,0.5784639028822082,-1.6687190799126659
BPIC13_incidents,duration,B_half,hgb,raw,with_f,2267,0.29808759355018494,0.23634080144137826,0.43233626255901214,-1.8969522426547794
BPIC13_incidents,duration,B_half,hgb,platt,without_f,2267,0.3315309700252631,0.2394931389573202,0.8551093181759731,-1.6909574563642586
BPIC13_incidents,duration,B_half,hgb,platt,with_f,2267,0.31914373508908356,0.22762956880146676,1.105069775561402,-1.6908512088020753
BPIC13_incidents,duration,B_half,hgb,isotonic,without_f,2267,0.32855793286599577,0.2400585239617397,0.6654058055933287,-1.7048564432192537
BPIC13_incidents,duration,B_half,hgb,isotonic,with_f,2267,0.3138387311079147,0.22832953264952846,0.9150900401955674,-1.718724158512468
BPIC13_incidents,duration,B_intake,logit,raw,without_f,2267,0.3029277480878278,0.22266037625981874,0.7268285244354241,-1.715601050456541
BPIC13_incidents,duration,B_intake,logit,raw,with_f,2267,0.28659356309537815,0.21905068124311355,0.6448600756653977,-1.7741132365473213
BPIC13_incidents,duration,B_intake,logit,platt,without_f,2267,0.31709435641762806,0.22566223873544497,1.1971288532957785,-1.658582062412473
BPIC13_incidents,duration,B_intake,logit,platt,with_f,2267,0.30089235324168084,0.2161694289326823,1.006721323143247,-1.6684643372213173
BPIC13_incidents,duration,B_intake,logit,isotonic,without_f,2267,0.3065131337059494,0.21906461736766453,0.9639688345841998,-1.692868005969336
BPIC13_incidents,duration,B_intake,logit,isotonic,with_f,2267,0.29485444663373656,0.21574578728468796,0.8892112639578206,-1.6922908645252033
BPIC13_incidents,duration,B_intake,hgb,raw,without_f,2267,0.32133698449812464,0.24587686008274887,0.3900794006202065,-2.084301262928076
BPIC13_incidents,duration,B_intake,hgb,raw,with_f,2267,0.29531685596322405,0.23672154765689293,0.42574862106698663,-2.082502157061053
BPIC13_incidents,duration,B_intake,hgb,platt,without_f,2267,0.30775307719787837,0.21845901717979022,1.0824698647681914,-1.6526703107614513
BPIC13_incidents,duration,B_intake,hgb,platt,with_f,2267,0.30479673893108794,0.21523535843598793,1.20468386561943,-1.6513518560939502
BPIC13_incidents,duration,B_intake,hgb,isotonic,without_f,2267,0.29355103582527553,0.21141300656971188,0.9260876393397749,-1.6595780367162603
BPIC13_incidents,duration,B_intake,hgb,isotonic,with_f,2267,0.2976098192222025,0.21339948823406238,1.048708325426835,-1.6664537541812001
BPIC13_incidents,duration,B_intake_g,logit,raw,without_f,2267,0.2816058107606854,0.21858055603072152,0.5978444914857711,-1.7425288433508417
BPIC13_incidents,duration,B_intake_g,logit,raw,with_f,2267,0.2704216100772054,0.21550186443542124,0.5708469298728428,-1.7833632234050452
BPIC13_incidents,duration,B_intake_g,logit,platt,without_f,2267,0.3005077220226503,0.21659657508475444,1.02245413056077,-1.6315370553119934
BPIC13_incidents,duration,B_intake_g,logit,platt,with_f,2267,0.29019151323610776,0.21104423826315655,0.9443678525690757,-1.6421220066376458
BPIC13_incidents,duration,B_intake_g,logit,isotonic,without_f,2267,0.2897367658229765,0.21376228279883183,0.8473099281239368,-1.6423784087959876
BPIC13_incidents,duration,B_intake_g,logit,isotonic,with_f,2267,0.28268339478674337,0.20997168704353916,0.8685042651166103,-1.6502526273507998
BPIC13_incidents,duration,B_intake_g,hgb,raw,without_f,2267,0.29163570765615593,0.246048940263933,0.34085706143696837,-2.1529924689170685
BPIC13_incidents,duration,B_intake_g,hgb,raw,with_f,2267,0.29375513723602514,0.2491589496748388,0.35931928415091635,-2.233192751893697
BPIC13_incidents,duration,B_intake_g,hgb,platt,without_f,2267,0.2957923814389233,0.21178989777930715,1.0973204777054655,-1.6059858068149688
BPIC13_incidents,duration,B_intake_g,hgb,platt,with_f,2267,0.2989189632234445,0.21260865084771643,1.1749583096322576,-1.6265767906104807
BPIC13_incidents,duration,B_intake_g,hgb,isotonic,without_f,2267,0.287930769331346,0.21007545354977858,0.9560205039787092,-1.6165473055576407
BPIC13_incidents,duration,B_intake_g,hgb,isotonic,with_f,2267,0.2904630353911929,0.2096841355386412,1.016224057269532,-1.6337748169828101
BPIC13_incidents,handover,B_half,logit,raw,without_f,2267,0.17155894857281745,0.23975544266403181,1.2479806963887288,-0.9122692107609187
BPIC13_incidents,handover,B_half,logit,raw,with_f,2267,0.14123813040798194,0.19239021893170882,1.1392346773446729,-0.8673022064505933
BPIC13_incidents,handover,B_half,logit,platt,without_f,2267,0.17222624440119808,0.2404446593938012,1.288669357682359,-0.9132720091303612
BPIC13_incidents,handover,B_half,logit,platt,with_f,2267,0.14447339597839415,0.1943319101884924,1.134071778353513,-0.8795071004828867
BPIC13_incidents,handover,B_half,logit,isotonic,without_f,2267,0.17125528609442375,0.2392579884859814,1.0486393075458504,-0.9134656539582444
BPIC13_incidents,handover,B_half,logit,isotonic,with_f,2267,0.13838520572166318,0.18960641522287522,0.9641512958387631,-0.897172894427328
BPIC13_incidents,handover,B_half,hgb,raw,without_f,2267,0.16995203165596212,0.23903568855211757,0.5210854148395789,-0.9119453044325738
BPIC13_incidents,handover,B_half,hgb,raw,with_f,2267,0.10533700950363074,0.17983833345304098,0.5784645731042438,-0.7798003702607806
BPIC13_incidents,handover,B_half,hgb,platt,without_f,2267,0.17077015711771867,0.2446232413506715,1.641880431960436,-0.8835837818727357
BPIC13_incidents,handover,B_half,hgb,platt,with_f,2267,0.14940975659339167,0.1989163641589922,1.527465239954281,-0.8421289172781737
BPIC13_incidents,handover,B_half,hgb,isotonic,without_f,2267,0.17113863890271835,0.2395642992347525,1.048489247007722,-0.9111934990255148
BPIC13_incidents,handover,B_half,hgb,isotonic,with_f,2267,0.1414387945247611,0.19258626903496834,1.3050498213653998,-0.8301036050668615
BPIC13_incidents,handover,B_intake,logit,raw,without_f,2267,0.15744041864309716,0.20312656355568734,1.063773792118907,-0.9638893312474313
BPIC13_incidents,handover,B_intake,logit,raw,with_f,2267,0.13760012383264095,0.17472136386373396,1.072484920792079,-0.9302254073056436
BPIC13_incidents,handover,B_intake,logit,platt,without_f,2267,0.16397442337555704,0.2080563151695553,1.3378297233186527,-0.9363478580349452
BPIC13_incidents,handover,B_intake,logit,platt,with_f,2267,0.14512797788237805,0.18014068474075556,1.2457616883356126,-0.9106563250138023
BPIC13_incidents,handover,B_intake,logit,isotonic,without_f,2267,0.14939789786997154,0.19587241241689454,0.9003692745392234,-0.9249931910953233
BPIC13_incidents,handover,B_intake,logit,isotonic,with_f,2267,0.13881305317298442,0.17449774950804767,1.011765568611171,-0.9290312432348823
BPIC13_incidents,handover,B_intake,hgb,raw,without_f,2267,0.16743616097778913,0.19912604674700268,0.4674159458955559,-1.2234519568868907
BPIC13_incidents,handover,B_intake,hgb,raw,with_f,2267,0.11358349455275954,0.15590680190765557,0.5589261463698145,-0.867831165536982
BPIC13_incidents,handover,B_intake,hgb,platt,without_f,2267,0.1490502761352856,0.19093564757719392,1.4856897265460556,-0.8804618265361703
BPIC13_incidents,handover,B_intake,hgb,platt,with_f,2267,0.13456132304403665,0.16888526156257028,1.4013124358221078,-0.8474298287835658
BPIC13_incidents,handover,B_intake,hgb,isotonic,without_f,2267,0.146747158261339,0.1848450756919496,1.1810110500416717,-0.9161674631472576
BPIC13_incidents,handover,B_intake,hgb,isotonic,with_f,2267,0.12870899069848302,0.16509694722892532,1.191752943256946,-0.8576568893099052
BPIC13_incidents,handover,B_intake_g,logit,raw,without_f,2267,0.13903012704856774,0.1878510119331847,0.9081124507824444,-0.9284707922932647
BPIC13_incidents,handover,B_intake_g,logit,raw,with_f,2267,0.12611103181957617,0.16729653094492308,0.942519987677029,-0.9248066531510025
BPIC13_incidents,handover,B_intake_g,logit,platt,without_f,2267,0.1536128549349997,0.1956837791294011,1.27467067614673,-0.8987183227925704
BPIC13_incidents,handover,B_intake_g,logit,platt,with_f,2267,0.1373373123169937,0.17390907140835773,1.212056922411557,-0.8802167557027177
BPIC13_incidents,handover,B_intake_g,logit,isotonic,without_f,2267,0.14601652652166666,0.19263753248347207,0.9795197454228259,-0.912949132198863
BPIC13_incidents,handover,B_intake_g,logit,isotonic,with_f,2267,0.13413903379074305,0.1725524889099113,1.0151961744159017,-0.8960178667292612
BPIC13_incidents,handover,B_intake_g,hgb,raw,without_f,2267,0.14243013969836812,0.18330047881097972,0.5293738862018862,-1.189985272185273
BPIC13_incidents,handover,B_intake_g,hgb,raw,with_f,2267,0.11787534319281556,0.16049621635764943,0.5173990180260756,-1.0953151595678523
BPIC13_incidents,handover,B_intake_g,hgb,platt,without_f,2267,0.1508124059482085,0.1851279548251413,1.4532844964424276,-0.8995544181493954
BPIC13_incidents,handover,B_intake_g,hgb,platt,with_f,2267,0.1337451188256212,0.16515206562284934,1.329760783333868,-0.8414709797418976
BPIC13_incidents,handover,B_intake_g,hgb,isotonic,without_f,2267,0.14318046475000343,0.17999619277763876,1.0693651034778027,-0.9124426891178158
BPIC13_incidents,handover,B_intake_g,hgb,isotonic,with_f,2267,0.12965431583213258,0.16236100176363108,1.1074561450405154,-0.8689336918700371
BPIC15_1,handover,B_half,logit,raw,without_f,360,0.07242342424044086,0.12434793305146671,1.146948081841407,-0.6182587682725521
BPIC15_1,handover,B_half,logit,raw,with_f,360,0.06725864212197341,0.10263915979595295,0.9767047167589804,-0.3180625276436886
BPIC15_1,handover,B_half,logit,platt,without_f,360,0.05414447093300475,0.12083195831069438,1.0014815983188696,-0.3066924579458319
BPIC15_1,handover,B_half,logit,platt,with_f,360,0.0613196254869932,0.10265097052769498,1.0658386465513008,-0.1874158925667771
BPIC15_1,handover,B_half,logit,isotonic,without_f,360,0.041010109683153946,0.12106150685214087,0.8624378203435676,-0.2272594777135349
BPIC15_1,handover,B_half,logit,isotonic,with_f,360,0.029849058234087435,0.10141187830233399,0.9448250646943523,-0.09019832152873339
BPIC15_1,handover,B_half,hgb,raw,without_f,360,0.13019839742708136,0.14169338241520218,0.3667030426614542,-2.419277628370684
BPIC15_1,handover,B_half,hgb,raw,with_f,360,0.10620429143014237,0.12496258419537448,0.3250357074425106,-2.1336006072532885
BPIC15_1,handover,B_half,hgb,platt,without_f,360,0.10735948370599623,0.13772892177127533,0.862626115506444,-1.3253688028373534
BPIC15_1,handover,B_half,hgb,platt,with_f,360,0.08132447554486702,0.11605697642281562,1.4444646121022873,-0.6491249602200491
BPIC15_1,handover,B_half,hgb,isotonic,without_f,360,0.10492546934001444,0.1368106896652636,0.9592831732700954,-1.2700945397218806
BPIC15_1,handover,B_half,hgb,isotonic,with_f,360,0.0865099175241406,0.11309541977171902,0.9818042854631712,-0.9174502171792817
BPIC15_1,handover,B_intake,logit,raw,without_f,360,0.03888890728228009,0.07026518317584321,1.2516424869346494,-0.1925609343474256
BPIC15_1,handover,B_intake,logit,raw,with_f,360,0.028404281156669264,0.06704045836185558,1.2632620695952677,-0.07748211342158959
BPIC15_1,handover,B_intake,logit,platt,without_f,360,0.049752863476831284,0.07433257682521417,1.569478899576559,-0.07424449573585468
BPIC15_1,handover,B_intake,logit,platt,with_f,360,0.05918687475602862,0.07129724458055282,1.7052400187754282,-0.020926755918304965
BPIC15_1,handover,B_intake,logit,isotonic,without_f,360,0.03450176152927214,0.0734490496325234,1.3142174866733096,-0.17189451702227496
BPIC15_1,handover,B_intake,logit,isotonic,with_f,360,0.043500473983760175,0.07119027219423585,1.4643003835492698,-0.09715860200737789
BPIC15_1,handover,B_intake,hgb,raw,without_f,360,0.0961392988927676,0.10573748437436399,0.49715411197892245,-2.8857659105017257
BPIC15_1,handover,B_intake,hgb,raw,with_f,360,0.07696330627709211,0.08916371255161132,0.5792134975968013,-2.176378610785734
BPIC15_1,handover,B_intake,hgb,platt,without_f,360,0.07021814461103726,0.07252174509264331,1.7428342909295809,-0.28635501145104897
BPIC15_1,handover,B_intake,hgb,platt,with_f,360,0.07901149643560616,0.06719106623697119,2.1862209824936856,-0.03406845575374213
BPIC15_1,handover,B_intake,hgb,isotonic,without_f,360,0.053229710484105006,0.07331695752436256,1.7228703504582554,-0.275827077587658
BPIC15_1,handover,B_intake,hgb,isotonic,with_f,360,0.08482029869377038,0.06702169630881952,2.3291638497492047,0.03774543536652213
BPIC15_1,handover,B_intake_g,logit,raw,without_f,360,0.03645360070520899,0.06895660195526769,1.225950790120689,-0.16426815663365166
BPIC15_1,handover,B_intake_g,logit,raw,with_f,360,0.027068657445373956,0.06584226831487787,1.2547893344888987,-0.061329676832966036
BPIC15_1,handover,B_intake_g,logit,platt,without_f,360,0.05162479049131232,0.07345851003975676,1.6037258545475201,-0.06296083588052545
BPIC15_1,handover,B_intake_g,logit,platt,with_f,360,0.06121399114453801,0.07048775211530788,1.7602474936209713,-0.003897284875347739
BPIC15_1,handover,B_intake_g,logit,isotonic,without_f,360,0.04589642057883033,0.07364605657510014,1.4676445496167934,-0.18850244401084723
BPIC15_1,handover,B_intake_g,logit,isotonic,with_f,360,0.041926236933209744,0.07082693870763215,1.5871036389451394,-0.045437681369503186
BPIC15_1,handover,B_intake_g,hgb,raw,without_f,360,0.10841227503265266,0.11238302331405219,0.4917617328891355,-3.6638155491725293
BPIC15_1,handover,B_intake_g,hgb,raw,with_f,360,0.08263188900444847,0.09035895733944377,0.5661813757535887,-2.765897138131921
BPIC15_1,handover,B_intake_g,hgb,platt,without_f,360,0.07927489587559092,0.07551679984755742,1.979027138695662,-0.41697568969739374
BPIC15_1,handover,B_intake_g,hgb,platt,with_f,360,0.08058423641744857,0.0623278457707022,2.5332935120673903,-0.24234034170650237
BPIC15_1,handover,B_intake_g,hgb,isotonic,without_f,360,0.0736255902577908,0.0765964759163153,2.000982354302363,-0.49221204778024763
BPIC15_1,handover,B_intake_g,hgb,isotonic,with_f,360,0.07645060957566552,0.06097764829581947,3.0731260032827996,-0.25595106007718926
BPIC15_3,duration,B_half,logit,raw,without_f,423,0.19990246724529775,0.2709454190729916,0.8570969053097894,-0.8988488303167577
BPIC15_3,duration,B_half,logit,raw,with_f,423,0.15626497094106137,0.2211417707398359,0.9152552655554739,-0.7944357301596545
BPIC15_3,duration,B_half,logit,platt,without_f,423,0.19299913299738375,0.26900544169131024,0.8908039533456127,-0.867944024329268
BPIC15_3,duration,B_half,logit,platt,with_f,423,0.14141248407776008,0.21732234595709335,0.9848598966163827,-0.718919993196879
BPIC15_3,duration,B_half,logit,isotonic,without_f,423,0.2403814984478466,0.30929359889771685,0.38832134409225705,-1.0852616983163852
BPIC15_3,duration,B_half,logit,isotonic,with_f,423,0.14672103849083665,0.22226138402064996,0.8293163959759889,-0.8005141803607918
BPIC15_3,duration,B_half,hgb,raw,without_f,423,0.13778762962750718,0.23910645684182563,0.9201875602290867,-0.4887149580200587
BPIC15_3,duration,B_half,hgb,raw,with_f,423,0.2756453769697222,0.2892631809650413,0.2564877169961254,-1.0154426042323346
BPIC15_3,duration,B_half,hgb,platt,without_f,423,0.166299231959289,0.2454611544698283,1.1692003564252618,-0.4140718368231649
BPIC15_3,duration,B_half,hgb,platt,with_f,423,0.1419108443260255,0.23762646459920758,1.6320742133971289,-0.388670919420193
BPIC15_3,duration,B_half,hgb,isotonic,without_f,423,0.1795543520380443,0.24568931922378684,1.2024568156877309,-0.5149142680960312
BPIC15_3,duration,B_half,hgb,isotonic,with_f,423,0.15209672952895056,0.2360923004407284,1.2781427433492332,-0.5072795431643377
BPIC15_3,duration,B_intake,logit,raw,without_f,423,0.175569031304613,0.2386457829819533,1.1425517804469796,-0.8333365736533034
BPIC15_3,duration,B_intake,logit,raw,with_f,423,0.1422315899659147,0.2141641516592967,0.9164491749331409,-0.74972809088225
BPIC15_3,duration,B_intake,logit,platt,without_f,423,0.17277330729928636,0.23457854173849896,1.5442073637603484,-0.6912392513326658
BPIC15_3,duration,B_intake,logit,platt,with_f,423,0.1281171591620384,0.20935312779080295,1.1518207887192058,-0.6084441365438945
BPIC15_3,duration,B_intake,logit,isotonic,without_f,423,0.18925380075956846,0.2367339687229178,1.5370996792815954,-0.7108759936091402
BPIC15_3,duration,B_intake,logit,isotonic,with_f,423,0.15211715111898638,0.2171717756778965,0.9765293273525456,-0.7636284281483848
BPIC15_3,duration,B_intake,hgb,raw,without_f,423,0.32740689519465294,0.3904340556317847,0.059679910632106675,-1.9313760191253708
BPIC15_3,duration,B_intake,hgb,raw,with_f,423,0.2837726761879206,0.30153897080404257,0.28773611635500296,-1.930396482670784
BPIC15_3,duration,B_intake,hgb,platt,without_f,423,0.17285070414636938,0.25405279365165034,1.7835562861057401,-0.5629433432268728
BPIC15_3,duration,B_intake,hgb,platt,with_f,423,0.11577775320887808,0.22876206413758912,1.1396153735534116,-0.41821737934301806
BPIC15_3,duration,B_intake,hgb,isotonic,without_f,423,0.15148623231023606,0.25440337208600083,1.345007778115986,-0.6415576257613045
BPIC15_3,duration,B_intake,hgb,isotonic,with_f,423,0.11386290745307463,0.22973051596281863,0.9602557930882665,-0.45545495215253506
BPIC15_3,duration,B_intake_g,logit,raw,without_f,423,0.18078593151567335,0.2377800760596617,1.1472727638375981,-0.8265560623759922
BPIC15_3,duration,B_intake_g,logit,raw,with_f,423,0.14173938646972042,0.21398407806764744,0.927725276434048,-0.746035858198568
BPIC15_3,duration,B_intake_g,logit,platt,without_f,423,0.1691904074742851,0.23294483527003096,1.5658748362439832,-0.6707513839882
BPIC15_3,duration,B_intake_g,logit,platt,with_f,423,0.12417278682226876,0.20872560007906732,1.1803100537120519,-0.5887538221328279
BPIC15_3,duration,B_intake_g,logit,isotonic,without_f,423,0.16730558350456032,0.23382623401433233,1.507030918520844,-0.6841089031437217
BPIC15_3,duration,B_intake_g,logit,isotonic,with_f,423,0.14974495642327712,0.21608984390037447,1.0100477206854392,-0.7639760394584704
BPIC15_3,duration,B_intake_g,hgb,raw,without_f,423,0.3227205911402953,0.3769165935993778,0.10800631799451371,-1.884394522982043
BPIC15_3,duration,B_intake_g,hgb,raw,with_f,423,0.2451949126738418,0.28227887463527945,0.3108047002164097,-1.7005797731592946
BPIC15_3,duration,B_intake_g,hgb,platt,without_f,423,0.16110629629202783,0.24501213338584357,2.3413213234967225,-0.5231040895827564
BPIC15_3,duration,B_intake_g,hgb,platt,with_f,423,0.12897478085208092,0.2342270287359065,1.2700810639965805,-0.48990960928991506
BPIC15_3,duration,B_intake_g,hgb,isotonic,without_f,423,0.1470449482007355,0.24588559756604078,1.9530096137754005,-0.5797809222486507
BPIC15_3,duration,B_intake_g,hgb,isotonic,with_f,423,0.1372002705752246,0.24397655968797016,1.014791807100306,-0.5970482100110467
BPIC15_4,handover,B_half,logit,raw,without_f,316,0.08563711419010524,0.1148723762001163,0.5969513596206704,-0.8588928474639501
BPIC15_4,handover,B_half,logit,raw,with_f,316,0.07575334673773973,0.1156418022644267,0.5925810308559682,-0.9527651009612701
BPIC15_4,handover,B_half,logit,platt,without_f,316,0.07221362101844754,0.1153761904951402,0.6847963188322721,-0.805974713834209
BPIC15_4,handover,B_half,logit,platt,with_f,316,0.0743567756973994,0.11526627442339686,0.7167156059360155,-0.8195343207865037
BPIC15_4,handover,B_half,logit,isotonic,without_f,316,0.08292416248319598,0.11698275642069438,0.43508618944555866,-0.9753456066747186
BPIC15_4,handover,B_half,logit,isotonic,with_f,316,0.07769622002674784,0.11931673476996113,0.3898478421064414,-1.1401192500242319
BPIC15_4,handover,B_half,hgb,raw,without_f,316,0.08339443446356941,0.10361997130286699,0.2132957431253003,-1.2080816135180807
BPIC15_4,handover,B_half,hgb,raw,with_f,316,0.09789598283469514,0.117792341593533,0.261609018971816,-1.9770168590828765
BPIC15_4,handover,B_half,hgb,platt,without_f,316,0.07093318127414355,0.10786611631950783,0.9285328983405585,-0.5730840543688007
BPIC15_4,handover,B_half,hgb,platt,with_f,316,0.08145790638225182,0.11204767875931387,1.017210762876542,-0.6455282806894231
BPIC15_4,handover,B_half,hgb,isotonic,without_f,316,0.09304684060837533,0.11006128622899718,0.5916548645037043,-0.8411711780640743
BPIC15_4,handover,B_half,hgb,isotonic,with_f,316,0.07018543978556155,0.11284374064024459,0.6060992020149838,-0.7406858258851649
BPIC15_4,handover,B_intake,logit,raw,without_f,316,0.07759878413824592,0.11660598003652575,0.5197034828621285,-1.0084582872010057
BPIC15_4,handover,B_intake,logit,raw,with_f,316,0.07564347442143214,0.11739382006619983,0.4683894528407577,-1.0824672774483532
BPIC15_4,handover,B_intake,logit,platt,without_f,316,0.07110264425508481,0.11549909604554168,0.6791585688102503,-0.8404232952184026
BPIC15_4,handover,B_intake,logit,platt,with_f,316,0.06947050695865409,0.11546786120316625,0.6823702194324532,-0.8435036668650697
BPIC15_4,handover,B_intake,logit,isotonic,without_f,316,0.08314054006119054,0.11707102055144054,0.46216400206136443,-1.0103359971698636
BPIC15_4,handover,B_intake,logit,isotonic,with_f,316,0.08165509582194734,0.11740855763951291,0.4503103976888372,-1.0960311258627728
BPIC15_4,handover,B_intake,hgb,raw,without_f,316,0.09840228426404081,0.11981151080396968,0.1846395259871285,-1.9348483070834814
BPIC15_4,handover,B_intake,hgb,raw,with_f,316,0.1016564779506004,0.1280082340492805,0.11950538270521929,-2.3530706331606464
BPIC15_4,handover,B_intake,hgb,platt,without_f,316,0.06351364989618374,0.11278335700232181,1.0272429707622586,-0.6309742140980941
BPIC15_4,handover,B_intake,hgb,platt,with_f,316,0.06503812929261862,0.11386274394799216,1.1717414694511366,-0.630096551576311
BPIC15_4,handover,B_intake,hgb,isotonic,without_f,316,0.07181634472288408,0.11164984478007141,0.6293161707172391,-0.6352571402229589
BPIC15_4,handover,B_intake,hgb,isotonic,with_f,316,0.06326580721095558,0.11403953599774606,0.7152188619743186,-0.7086603011419049
BPIC15_4,handover,B_intake_g,logit,raw,without_f,316,0.07944016272788419,0.11863386121392656,0.31638405956508836,-1.2906086570743813
BPIC15_4,handover,B_intake_g,logit,raw,with_f,316,0.08544673093801006,0.11896677006156678,0.30167183209036014,-1.3491545944017405
BPIC15_4,handover,B_intake_g,logit,platt,without_f,316,0.07906577592702722,0.11802996071921619,0.3389316369747666,-1.1559133766498193
BPIC15_4,handover,B_intake_g,logit,platt,with_f,316,0.08118093781480075,0.11767776799849898,0.352640343717899,-1.149457755796536
BPIC15_4,handover,B_intake_g,logit,isotonic,without_f,316,0.08833498426612711,0.12130677360471374,0.07120140893297675,-1.4097666924601229
BPIC15_4,handover,B_intake_g,logit,isotonic,with_f,316,0.08372883614958283,0.12176506276060267,0.01876058890955603,-1.4212499270396453
BPIC15_4,handover,B_intake_g,hgb,raw,without_f,316,0.11324245796781252,0.12263303058948785,0.2309813881111403,-1.7132436577543908
BPIC15_4,handover,B_intake_g,hgb,raw,with_f,316,0.11556770166676492,0.11943211416726837,0.22182818583848377,-2.0425824162551844
BPIC15_4,handover,B_intake_g,hgb,platt,without_f,316,0.07053551042790439,0.11536342304595854,0.6414211820492057,-0.7968872689989049
BPIC15_4,handover,B_intake_g,hgb,platt,with_f,316,0.06282696352219813,0.11256499121561037,0.9332628938978181,-0.6346764039352508
BPIC15_4,handover,B_intake_g,hgb,isotonic,without_f,316,0.07247885892439337,0.11787488141137445,0.44794094065366147,-0.9493054515828314
BPIC15_4,handover,B_intake_g,hgb,isotonic,with_f,316,0.06434185622238776,0.11357549255850878,0.6550010204929094,-0.7980822461305471
BPIC15_4,duration,B_half,logit,raw,without_f,316,0.36569045528690924,0.33308650331035433,0.01196223009763897,-1.7895678845727352
BPIC15_4,duration,B_half,logit,raw,with_f,316,0.35565258150563916,0.3213277327311453,0.13095003919291734,-1.7397819492660196
BPIC15_4,duration,B_half,logit,platt,without_f,316,0.3298668578559732,0.29531653251714296,0.02834018192758829,-1.5341448403645195
BPIC15_4,duration,B_half,logit,platt,with_f,316,0.3132814831277254,0.27662437457005534,0.30021590082256666,-1.430103669919304
BPIC15_4,duration,B_half,logit,isotonic,without_f,316,0.3600377664977342,0.3391625011551888,0.013153581519618956,-2.0924317563273593
BPIC15_4,duration,B_half,logit,isotonic,with_f,316,0.3300309396523954,0.29780786326295267,0.0391843370346741,-1.6104004767062223
BPIC15_4,duration,B_half,hgb,raw,without_f,316,0.3590890059538913,0.34071787368298395,0.021160557399596103,-2.010093656904908
BPIC15_4,duration,B_half,hgb,raw,with_f,316,0.3314424183432744,0.3580041780293899,-0.03212754504838103,-2.453975127382045
BPIC15_4,duration,B_half,hgb,platt,without_f,316,0.30196647316920194,0.265440907502356,0.41553651964148547,-1.3680955498546634
BPIC15_4,duration,B_half,hgb,platt,with_f,316,0.2829017427772693,0.25555635072263366,0.18761263171444373,-1.277650951252513
BPIC15_4,duration,B_half,hgb,isotonic,without_f,316,0.3112250359624867,0.2740260612553331,0.3621039864409378,-1.490549821508531
BPIC15_4,duration,B_half,hgb,isotonic,with_f,316,0.3093971538412561,0.277779414965008,-0.17767124136090673,-1.4273012967927707
BPIC15_4,duration,B_intake,logit,raw,without_f,316,0.3917762927797961,0.36188244265902214,-0.09928948441148432,-1.9520528260770384
BPIC15_4,duration,B_intake,logit,raw,with_f,316,0.3796847772125286,0.34714962729626836,0.015961366519321202,-1.8897229729978677
BPIC15_4,duration,B_intake,logit,platt,without_f,316,0.34863603540956,0.3128783811819496,-0.2226336176390666,-1.6152080348529285
BPIC15_4,duration,B_intake,logit,platt,with_f,316,0.33542624897899614,0.29629666348199124,-0.021465794731424855,-1.5337082552311054
BPIC15_4,duration,B_intake,logit,isotonic,without_f,316,0.3658474406693001,0.33401139264802354,-0.0463094364100357,-1.8045542253750348
BPIC15_4,duration,B_intake,logit,isotonic,with_f,316,0.3528590482425235,0.3155198363312303,0.08665514364601597,-1.7018239605872365
BPIC15_4,duration,B_intake,hgb,raw,without_f,316,0.2784262637517203,0.29750303540114303,0.1931129289662205,-1.9679533164592056
BPIC15_4,duration,B_intake,hgb,raw,with_f,316,0.3627947945902863,0.3677749327934995,0.10646199191213102,-2.608249901131625
BPIC15_4,duration,B_intake,hgb,platt,without_f,316,0.3071137757389853,0.27162331699429876,0.0673221557422356,-1.3832214324340704
BPIC15_4,duration,B_intake,hgb,platt,with_f,316,0.2970031557349809,0.26643229934535656,-0.46588591503194215,-1.3374646163040582
BPIC15_4,duration,B_intake,hgb,isotonic,without_f,316,0.34467874892016315,0.30838742706543,-0.021736333229612298,-1.618725859814378
BPIC15_4,duration,B_intake,hgb,isotonic,with_f,316,0.29844435090714283,0.2763066104619283,-0.14569297959287422,-1.3932399157504989
BPIC15_4,duration,B_intake_g,logit,raw,without_f,316,0.4035472757665395,0.3655691066747495,-0.0751502938160787,-1.98936992111762
BPIC15_4,duration,B_intake_g,logit,raw,with_f,316,0.38224766951436656,0.35092285098674647,0.028867246867033194,-1.92734124633051
BPIC15_4,duration,B_intake_g,logit,platt,without_f,316,0.35170932769842855,0.31480777638162766,-0.1318566836379162,-1.637529533899606
BPIC15_4,duration,B_intake_g,logit,platt,with_f,316,0.3387627228218457,0.29871356780184355,0.026818064090947856,-1.5531443704619299
BPIC15_4,duration,B_intake_g,logit,isotonic,without_f,316,0.3673926602272378,0.33817751878756214,-0.004772022120542407,-1.8699855897395468
BPIC15_4,duration,B_intake_g,logit,isotonic,with_f,316,0.3529221711697279,0.31649033926374964,0.06287741744817907,-1.699881886664155
BPIC15_4,duration,B_intake_g,hgb,raw,without_f,316,0.28216432939880765,0.30551244820562357,0.16751612680855063,-2.19550159362301
BPIC15_4,duration,B_intake_g,hgb,raw,with_f,316,0.3888939658140883,0.3785468141117818,0.095400970892999,-2.618107066472276
BPIC15_4,duration,B_intake_g,hgb,platt,without_f,316,0.31334111511204443,0.2770309271056252,0.1197540773994037,-1.4209570850413344
BPIC15_4,duration,B_intake_g,hgb,platt,with_f,316,0.29467250519129073,0.26568475924934654,-0.189822608610764,-1.3339465826613606
BPIC15_4,duration,B_intake_g,hgb,isotonic,without_f,316,0.3353037063619808,0.3021378047475417,-0.07611107402565663,-1.5873077569577603
BPIC15_4,duration,B_intake_g,hgb,isotonic,with_f,316,0.3058651052059164,0.28618422867785054,-0.14363160558380597,-1.460727899967341
BPIC15_3,handover,B_half,logit,raw,without_f,423,0.07867626076452809,0.08721547682503085,0.47335645832797363,0.05084631307064626
BPIC15_3,handover,B_half,logit,raw,with_f,423,0.07863305700885077,0.09419210749155196,0.37247988818216093,0.32691464537710463
BPIC15_3,handover,B_half,logit,platt,without_f,423,0.07417707917427789,0.0874892544907342,0.43684643912037036,-0.032267873480133734
BPIC15_3,handover,B_half,logit,platt,with_f,423,0.08034398728699073,0.09250515371881557,0.4108149213829424,0.31515922286891346
BPIC15_3,handover,B_half,logit,isotonic,without_f,423,0.07248218405367658,0.08971710275790958,0.23499807195550484,-0.1585526419975328
BPIC15_3,handover,B_half,logit,isotonic,with_f,423,0.08337568539350244,0.09489448850656472,0.1283651475621015,0.256808232009138
BPIC15_3,handover,B_half,hgb,raw,without_f,423,0.06526478717346411,0.0834021281650913,0.5264439752527394,-0.6440061157710073
BPIC15_3,handover,B_half,hgb,raw,with_f,423,0.15785246888991247,0.14802291189981662,0.0806923727907821,1.1297202627663911
BPIC15_3,handover,B_half,hgb,platt,without_f,423,0.0648272647789265,0.08463516487222675,0.9094647008584039,0.052035407917721696
BPIC15_3,handover,B_half,hgb,platt,with_f,423,0.08979887727461369,0.08868909869262978,0.4597799855470243,0.36602255955155255
BPIC15_3,handover,B_half,hgb,isotonic,without_f,423,0.06518963090421506,0.08643781846699909,0.591423825571955,-0.346846964767537
BPIC15_3,handover,B_half,hgb,isotonic,with_f,423,0.10488806193035588,0.09629813996941329,0.34561407319309784,0.5569284035267866
BPIC15_3,handover,B_intake,logit,raw,without_f,423,0.056240628572058755,0.06858405060727685,1.6139877923519697,-0.8012989721824416
BPIC15_3,handover,B_intake,logit,raw,with_f,423,0.04338548214763334,0.06913955183193139,1.4383401750380267,-0.6622710081503025
BPIC15_3,handover,B_intake,logit,platt,without_f,423,0.0409774936812478,0.06391653898906796,1.6563069625760454,-0.3755891456537187
BPIC15_3,handover,B_intake,logit,platt,with_f,423,0.04523376986918766,0.06380593212281609,1.599087941061598,-0.23251597383021916
BPIC15_3,handover,B_intake,logit,isotonic,without_f,423,0.03990234167580416,0.06420746095158099,1.001320104471246,-0.7948583919114338
BPIC15_3,handover,B_intake,logit,isotonic,with_f,423,0.03178313212494837,0.06269834764945321,0.7020965885240866,-0.4645334977819405
BPIC15_3,handover,B_intake,hgb,raw,without_f,423,0.0771979954724611,0.08449132954868445,0.4265317208856247,-4.099514632380305
BPIC15_3,handover,B_intake,hgb,raw,with_f,423,0.08360378168467252,0.08585787409668905,0.2837583990822988,-1.6623995570843846
BPIC15_3,handover,B_intake,hgb,platt,without_f,423,0.04849215888617831,0.0709633694503317,2.0873831093719204,0.09138845294883703
BPIC15_3,handover,B_intake,hgb,platt,with_f,423,0.07908929742129125,0.0787079294998416,1.129563042884368,0.4732657439790523
BPIC15_3,handover,B_intake,hgb,isotonic,without_f,423,0.036198293992570144,0.06917105279654193,1.6401980597078585,-0.17340778562396805
BPIC15_3,handover,B_intake,hgb,isotonic,with_f,423,0.028946408119616678,0.07489033518218252,1.0790150650128065,0.3462505246330455
BPIC15_3,handover,B_intake_g,logit,raw,without_f,423,0.05483986372444852,0.06800455149268304,1.6126700443857662,-0.7814987092096498
BPIC15_3,handover,B_intake_g,logit,raw,with_f,423,0.04678577113126412,0.06873538437996742,1.4370578318203269,-0.6490286939432833
BPIC15_3,handover,B_intake_g,logit,platt,without_f,423,0.0407983501184963,0.06391945120719164,1.6666553218901161,-0.3259358251685269
BPIC15_3,handover,B_intake_g,logit,platt,with_f,423,0.04290913098922639,0.06394311021740029,1.6019430340785434,-0.1915708847213528
BPIC15_3,handover,B_intake_g,logit,isotonic,without_f,423,0.03773145790754856,0.06457354626634089,0.9997110608505458,-0.7350307339411654
BPIC15_3,handover,B_intake_g,logit,isotonic,with_f,423,0.034511213122147236,0.06290967208171312,0.9316754224918739,-0.4332328203116834
BPIC15_3,handover,B_intake_g,hgb,raw,without_f,423,0.07180877370677656,0.08515472893859401,0.36409402340014296,-3.527807007161739
BPIC15_3,handover,B_intake_g,hgb,raw,with_f,423,0.07052434517216333,0.08616624839415911,0.32132441155134006,-2.1697699790590645
BPIC15_3,handover,B_intake_g,hgb,platt,without_f,423,0.034454755857781974,0.07460050143609728,1.297976750538555,0.08534914333275506
BPIC15_3,handover,B_intake_g,hgb,platt,with_f,423,0.08506877628109483,0.07860224874995798,1.1956161075105958,0.41596219184425814
BPIC15_3,handover,B_intake_g,hgb,isotonic,without_f,423,0.03877060214617212,0.07282102757735659,0.8820438514959456,-0.124410178747657
BPIC15_3,handover,B_intake_g,hgb,isotonic,with_f,423,0.06599190331010306,0.07621994477880395,0.9263527382833185,0.3382134071179459
BPIC14,handover,B_half,logit,raw,without_f,13982,0.020842659146213298,0.05165865284186211,0.7587162715744638,0.344790007546503
BPIC14,handover,B_half,logit,raw,with_f,13982,0.01668576450011265,0.03753111274537775,1.017382914539642,0.3555457476670821
BPIC14,handover,B_half,logit,platt,without_f,13982,0.022529480981349385,0.051306478251529605,0.8917895374532069,0.35426383151527185
BPIC14,handover,B_half,logit,platt,with_f,13982,0.014746079619010024,0.03759040383699869,1.0483485980118368,0.3513239424041857
BPIC14,handover,B_half,logit,isotonic,without_f,13982,0.01955858603030432,0.0517669142094256,0.724740849294556,0.3418877795466079
BPIC14,handover,B_half,logit,isotonic,with_f,13982,0.01662944075664569,0.037718907922701515,0.9902121394511252,0.34955345314174857
BPIC14,handover,B_half,hgb,raw,without_f,13982,0.025815057616697536,0.05157965606225707,0.7605375661829756,0.37080700338006634
BPIC14,handover,B_half,hgb,raw,with_f,13982,0.017062149271260846,0.03682902285199538,0.9747032656891099,0.4067458829262902
BPIC14,handover,B_half,hgb,platt,without_f,13982,0.02609218307466291,0.05130705649254441,0.8370385689163903,0.3589421927407498
BPIC14,handover,B_half,hgb,platt,with_f,13982,0.015474248473713804,0.03668274714353208,1.1109860827800206,0.3579775249286187
BPIC14,handover,B_half,hgb,isotonic,without_f,13982,0.02767419381651086,0.052091759834222436,0.6763895516162699,0.34839439392376154
BPIC14,handover,B_half,hgb,isotonic,with_f,13982,0.013261935410549376,0.03737092480138679,1.0264656403179069,0.3229463596138722
BPIC14,handover,B_intake,logit,raw,without_f,13982,0.02130633822082624,0.051678070386867066,0.7527373214997688,0.3439867145397007
BPIC14,handover,B_intake,logit,raw,with_f,13982,0.016377612058557155,0.03756882432983317,1.0202701359091033,0.348560276397371
BPIC14,handover,B_intake,logit,platt,without_f,13982,0.022539303501872325,0.05130529828255751,0.8892264696518682,0.3532441235312484
BPIC14,handover,B_intake,logit,platt,with_f,13982,0.01520723394982116,0.03759786050822436,1.047107645994912,0.34840678246246115
BPIC14,handover,B_intake,logit,isotonic,without_f,13982,0.019588156004424435,0.051749248214512225,0.723854547725655,0.34265268592812637
BPIC14,handover,B_intake,logit,isotonic,with_f,13982,0.015893212921404793,0.03764876132282325,0.9930955539978842,0.3362803171867355
BPIC14,handover,B_intake,hgb,raw,without_f,13982,0.026597301478938597,0.05168734844518665,0.7470141245348115,0.3698565848833165
BPIC14,handover,B_intake,hgb,raw,with_f,13982,0.017051367513414996,0.03690242541842134,0.9781295569236725,0.4095723318518887
BPIC14,handover,B_intake,hgb,platt,without_f,13982,0.025953806451794938,0.051350011262360794,0.8261151446863839,0.35702894608422486
BPIC14,handover,B_intake,hgb,platt,with_f,13982,0.015036339312609854,0.03668508041780852,1.107279351895608,0.3488614915222494
BPIC14,handover,B_intake,hgb,isotonic,without_f,13982,0.027278858541560744,0.05209954696826346,0.6732792606357975,0.34770024708202174
BPIC14,handover,B_intake,hgb,isotonic,with_f,13982,0.013265985964218248,0.037207348312568334,1.0232941639078323,0.32517834279831914
BPIC14,handover,B_intake_g,logit,raw,without_f,13982,0.017849303817123584,0.049875772086580554,0.8131827231932534,0.2823854047479877
BPIC14,handover,B_intake_g,logit,raw,with_f,13982,0.01583648988635059,0.03689061668059539,0.9935488924149509,0.3779545327181036
BPIC14,handover,B_intake_g,logit,platt,without_f,13982,0.01717196215345655,0.048862166187718666,0.9447258052615931,0.322781778258252
BPIC14,handover,B_intake_g,logit,platt,with_f,13982,0.015354213017625351,0.036740993545751555,1.05015058351901,0.3720385256675381
BPIC14,handover,B_intake_g,logit,isotonic,without_f,13982,0.014569681384051804,0.04843534771815983,0.8538724194618156,0.29433036929526635
BPIC14,handover,B_intake_g,logit,isotonic,with_f,13982,0.015045736324290484,0.036833727373926116,1.005007131835391,0.3562780873076598
BPIC14,handover,B_intake_g,hgb,raw,without_f,13982,0.01892324547186879,0.047638548514896475,0.7974224297190713,0.2847866964240499
BPIC14,handover,B_intake_g,hgb,raw,with_f,13982,0.016519485402321597,0.03717908018731104,0.9294639095862732,0.3923384031432314
BPIC14,handover,B_intake_g,hgb,platt,without_f,13982,0.017123756243222786,0.04709645273727156,0.9520444827287882,0.3262637147911367
BPIC14,handover,B_intake_g,hgb,platt,with_f,13982,0.016818493584718534,0.03621025966516546,1.077510707698919,0.40044897870311885
BPIC14,handover,B_intake_g,hgb,isotonic,without_f,13982,0.016118868729725924,0.0478940390819033,0.8564309828517513,0.3014532600253526
BPIC14,handover,B_intake_g,hgb,isotonic,with_f,13982,0.01609131168331124,0.036558449109340536,0.995924912944402,0.4078118397389493
BPIC14,handover,B_intake_g_km,logit,raw,without_f,13982,0.005629635555879118,0.03227067340461184,1.051023591455213,0.15667027885951695
BPIC14,handover,B_intake_g_km,logit,raw,with_f,13982,0.009132750578347752,0.03205369723960163,0.9985303784019327,0.24757281800859232
BPIC14,handover,B_intake_g_km,logit,platt,without_f,13982,0.00711046564080015,0.03296286438734109,1.0819912477103242,0.19522903125982882
BPIC14,handover,B_intake_g_km,logit,platt,with_f,13982,0.010262871184541535,0.03232540886305221,1.0892190272184927,0.27952379287705825
BPIC14,handover,B_intake_g_km,logit,isotonic,without_f,13982,0.005410467252290785,0.03289206782962708,1.0358659438214708,0.143552123735481
BPIC14,handover,B_intake_g_km,logit,isotonic,with_f,13982,0.009001274348610012,0.03240356710524649,1.0466737445632766,0.24070197317783815
BPIC14,handover,B_intake_g_km,hgb,raw,without_f,13982,0.009219915034223359,0.032374255098297486,0.9474087691929115,0.17221854878806192
BPIC14,handover,B_intake_g_km,hgb,raw,with_f,13982,0.012100314897008512,0.03207922159694127,0.9557933846189081,0.2664226308436202
BPIC14,handover,B_intake_g_km,hgb,platt,without_f,13982,0.008843022683548899,0.03306087266974499,1.121436680891717,0.2235008020636154
BPIC14,handover,B_intake_g_km,hgb,platt,with_f,13982,0.010631585422267775,0.03220438838446925,1.1269095725958866,0.2774932738381465
BPIC14,handover,B_intake_g_km,hgb,isotonic,without_f,13982,0.005891618137604635,0.032723795626012506,1.0524850779489208,0.16632509137527351
BPIC14,handover,B_intake_g_km,hgb,isotonic,with_f,13982,0.010288371361408153,0.03234851057031955,1.0719616684972884,0.27421273766408527
BPIC15_5,duration,B_half,logit,raw,without_f,347,0.27930882761574166,0.2896857442345532,0.19260231746324363,-1.22961331023652
BPIC15_5,duration,B_half,logit,raw,with_f,347,0.22710310072837703,0.24292988783579914,0.642094875295458,-1.0187163987254564
BPIC15_5,duration,B_half,logit,platt,without_f,347,0.25681362340707753,0.278648157075346,-0.5126605898827202,-1.0961532614414857
BPIC15_5,duration,B_half,logit,platt,with_f,347,0.22025429338579977,0.24438951407305973,0.7546592894785144,-1.0396695057694534
BPIC15_5,duration,B_half,logit,isotonic,without_f,347,0.26478036273459454,0.2779131293833688,0.2585104476490865,-1.1466249276706657
BPIC15_5,duration,B_half,logit,isotonic,with_f,347,0.21880113434810544,0.25183177346002183,0.4812664885800232,-1.1118606564896019
BPIC15_5,duration,B_half,hgb,raw,without_f,347,0.24562363870304968,0.25203287200078883,1.950997873015072,-1.0238798101072228
BPIC15_5,duration,B_half,hgb,raw,with_f,347,0.26886424427099653,0.27058875186711545,0.42504628515853815,-1.2544524905124412
BPIC15_5,duration,B_half,hgb,platt,without_f,347,0.2318830244233851,0.24691798781327565,2.3903531944605234,-0.8918037279216022
BPIC15_5,duration,B_half,hgb,platt,with_f,347,0.1869048457657906,0.22213140272131932,1.6469605377711638,-0.8370804688440615
BPIC15_5,duration,B_half,hgb,isotonic,without_f,347,0.24283760110936525,0.26423433520551226,-0.26710454208509776,-1.0343948256834217
BPIC15_5,duration,B_half,hgb,isotonic,with_f,347,0.19015811216540682,0.22249034300005227,1.2548711494149127,-0.8722028105374869
BPIC15_5,duration,B_intake,logit,raw,without_f,347,0.1505905586987043,0.21022019439791256,0.43888416428453264,-0.41442216759139017
BPIC15_5,duration,B_intake,logit,raw,with_f,347,0.1595314352768286,0.21835937039608994,0.45417016263069826,-0.618630906648764
BPIC15_5,duration,B_intake,logit,platt,without_f,347,0.20701003994013664,0.2386327425939826,4.233617660107041,-0.8473371994257255
BPIC15_5,duration,B_intake,logit,platt,with_f,347,0.16866268551402835,0.21952090439346303,1.4015696194230605,-0.7611808728095015
BPIC15_5,duration,B_intake,logit,isotonic,without_f,347,0.16727231390172875,0.22045880170844726,0.437302567220815,-0.5749989156030498
BPIC15_5,duration,B_intake,logit,isotonic,with_f,347,0.1610271881818567,0.22056291314253454,0.8069586353334628,-0.7608654398945451
BPIC15_5,duration,B_intake,hgb,raw,without_f,347,0.2635780269019858,0.25440272659305296,0.0569118532497859,-0.41983661653172527
BPIC15_5,duration,B_intake,hgb,raw,with_f,347,0.2591941934521495,0.26894401127250406,0.20746640868431468,-1.099558200998875
BPIC15_5,duration,B_intake,hgb,platt,without_f,347,0.2102555322757222,0.24220701869070735,2.18851351052022,-0.8581793609026239
BPIC15_5,duration,B_intake,hgb,platt,with_f,347,0.19070277157122828,0.2351225378233314,0.8074038563426793,-0.8146148784565667
BPIC15_5,duration,B_intake,hgb,isotonic,without_f,347,0.20753958403913306,0.24008549029017814,0.40186871461160767,-0.8225385200013001
BPIC15_5,duration,B_intake,hgb,isotonic,with_f,347,0.21088489262970517,0.23628651468992184,0.4270370671951419,-0.795273588646775
BPIC15_5,duration,B_intake_g,logit,raw,without_f,347,0.19812211672051455,0.23503881957055933,0.23540283585818267,-0.5931008300716085
BPIC15_5,duration,B_intake_g,logit,raw,with_f,347,0.21822709931720025,0.2442794494810098,0.29038988341885746,-0.7928350191561132
BPIC15_5,duration,B_intake_g,logit,platt,without_f,347,0.1806474595983022,0.23162254813406286,0.8987536532987276,-0.8056233432647328
BPIC15_5,duration,B_intake_g,logit,platt,with_f,347,0.18172936239519832,0.22950354954575775,0.7393791620513483,-0.8331721251149597
BPIC15_5,duration,B_intake_g,logit,isotonic,without_f,347,0.21196618269616796,0.24292598243648814,0.21687136431681125,-0.7317288071344183
BPIC15_5,duration,B_intake_g,logit,isotonic,with_f,347,0.1997655295951111,0.23608443101657806,0.4625464941633615,-0.8061921115748033
BPIC15_5,duration,B_intake_g,hgb,raw,without_f,347,0.34717815565345705,0.34508682532214896,0.051253964590973144,-1.4456867934849293
BPIC15_5,duration,B_intake_g,hgb,raw,with_f,347,0.3600915605968096,0.34793008697589445,0.09715395076216614,-1.8704664909275381
BPIC15_5,duration,B_intake_g,hgb,platt,without_f,347,0.2132068285174452,0.25728299963856543,-0.10519686115317375,-0.9186649368644512
BPIC15_5,duration,B_intake_g,hgb,platt,with_f,347,0.23214222187262662,0.25816259852076573,0.11850316848410622,-0.9389968529058055
BPIC15_5,duration,B_intake_g,hgb,isotonic,without_f,347,0.23927890670108357,0.26422587248332824,0.06610118541597923,-0.9769389243571238
BPIC15_5,duration,B_intake_g,hgb,isotonic,with_f,347,0.2477283317691914,0.26908052740924215,0.11980334607153559,-1.0025442466197902
BPIC17,duration,B_half,logit,raw,without_f,9453,0.01049558815087504,0.2460198902109999,1.165804968942032,-0.04251652185128578
BPIC17,duration,B_half,logit,raw,with_f,9453,0.02277413817127507,0.24639037879366915,0.7822307016931979,-0.06505020420927343
BPIC17,duration,B_half,logit,platt,without_f,9453,0.010502696612867797,0.24601937724023487,1.1648921143022584,-0.04254610821327067
BPIC17,duration,B_half,logit,platt,with_f,9453,0.017902990333099066,0.24591544433957865,1.0652361701202921,-0.05568050870586931
BPIC17,duration,B_half,logit,isotonic,without_f,9453,0.010505159065448789,0.24601894111846415,1.1642151565408962,-0.04255666957179195
BPIC17,duration,B_half,logit,isotonic,with_f,9453,0.018703807345243358,0.24590782807703276,0.960271604896098,-0.05843142830758929
BPIC17,duration,B_half,hgb,raw,without_f,9453,0.011941528626722282,0.24610742617763992,1.234899697605137,-0.04831232941467322
BPIC17,duration,B_half,hgb,raw,with_f,9453,0.025227466669886216,0.2464433541573522,0.8760859671777509,-0.06229056047820044
BPIC17,duration,B_half,hgb,platt,without_f,9453,0.010502696622004683,0.24601937724595158,1.164892121987919,-0.042546108243658926
BPIC17,duration,B_half,hgb,platt,with_f,9453,0.02440012411012271,0.24595776216434678,1.173534794587662,-0.05150893535497914
BPIC17,duration,B_half,hgb,isotonic,without_f,9453,0.010505159065448789,0.24601894111846415,1.1642151565408962,-0.04255666957179195
BPIC17,duration,B_half,hgb,isotonic,with_f,9453,0.023250652373429298,0.24583137291426552,1.0533431986953716,-0.0567535989729397
BPIC17,duration,B_intake,logit,raw,without_f,9453,0.01699553136621831,0.24527267245240583,0.904615830464308,-0.06333762632860983
BPIC17,duration,B_intake,logit,raw,with_f,9453,0.023424552741309085,0.24582779427743173,0.7457679951829015,-0.07119170755751074
BPIC17,duration,B_intake,logit,platt,without_f,9453,0.01612373772059019,0.24519334821465943,0.9810606080376376,-0.059755354804261675
BPIC17,duration,B_intake,logit,platt,with_f,9453,0.02015541438481596,0.24512576214746926,1.024919892089143,-0.05985605053405386
BPIC17,duration,B_intake,logit,isotonic,without_f,9453,0.017694044706300087,0.2452752256714377,0.9169750170716933,-0.0668369386109779
BPIC17,duration,B_intake,logit,isotonic,with_f,9453,0.01810432339545511,0.24508557230277905,0.961148668114272,-0.06456656724767643
BPIC17,duration,B_intake,hgb,raw,without_f,9453,0.027367846117539597,0.24752138900768586,0.8203685528819713,-0.10188616455379816
BPIC17,duration,B_intake,hgb,raw,with_f,9453,0.02664327252536213,0.24546458986440262,0.9246734674036577,-0.08819430374253844
BPIC17,duration,B_intake,hgb,platt,without_f,9453,0.019053540961324028,0.2452944192813296,1.0547381655994976,-0.05324469228391604
BPIC17,duration,B_intake,hgb,platt,with_f,9453,0.018164775495359966,0.24500298068045903,1.164829463869699,-0.05605295971006427
BPIC17,duration,B_intake,hgb,isotonic,without_f,9453,0.015873405625590743,0.24512527709541096,0.9498814321943015,-0.0632896748804557
BPIC17,duration,B_intake,hgb,isotonic,with_f,9453,0.019620625899499047,0.24475559526757734,1.0892352529941631,-0.06068389113618219
BPIC17,duration,B_intake_g,logit,raw,without_f,9453,0.015587495561375602,0.24369468427387403,0.8783595289990507,-0.047253477655400986
BPIC17,duration,B_intake_g,logit,raw,with_f,9453,0.022228315546896554,0.24420187568401722,0.75835631255605,-0.05984600535727328
BPIC17,duration,B_intake_g,logit,platt,without_f,9453,0.020462123507739932,0.24353405736191286,1.1672018726097264,-0.04339292201330244
BPIC17,duration,B_intake_g,logit,platt,with_f,9453,0.014870516623715743,0.24345756699005838,1.1784014726430976,-0.04813644306001701
BPIC17,duration,B_intake_g,logit,isotonic,without_f,9453,0.0171569692546015,0.24369884412470527,1.0106912256925795,-0.046146958573849386
BPIC17,duration,B_intake_g,logit,isotonic,with_f,9453,0.014997478751955009,0.2434222105512078,1.0711317936924967,-0.051332341351674256
BPIC17,duration,B_intake_g,hgb,raw,without_f,9453,0.02632957255658644,0.24558629372373236,0.8248100728619905,-0.07310874387103941
BPIC17,duration,B_intake_g,hgb,raw,with_f,9453,0.02296498498066788,0.2444582402159173,0.859736925401852,-0.07382932681975606
BPIC17,duration,B_intake_g,hgb,platt,without_f,9453,0.020968465924672483,0.24411534903844045,1.1410479092529069,-0.03829355541873512
BPIC17,duration,B_intake_g,hgb,platt,with_f,9453,0.020660515923918894,0.2436696097864168,1.2010026167173666,-0.04876383989349219
BPIC17,duration,B_intake_g,hgb,isotonic,without_f,9453,0.010940767735669127,0.24417600381219953,0.9522652480772638,-0.04297312308030072
BPIC17,duration,B_intake_g,hgb,isotonic,with_f,9453,0.016993442805182446,0.2437236474283667,1.051914659406131,-0.051255883183700744
BPIC14,duration,B_half,logit,raw,without_f,13982,0.06666235790383314,0.23737151190580352,1.0729774036260493,-0.2807086945132937
BPIC14,duration,B_half,logit,raw,with_f,13982,0.056276686999712125,0.20432270532860758,0.9305337358822442,-0.2839833484566688
BPIC14,duration,B_half,logit,platt,without_f,13982,0.06702727661591487,0.23747610071680034,1.099917254133781,-0.281640234642546
BPIC14,duration,B_half,logit,platt,with_f,13982,0.05665392343951556,0.20438205098274123,1.0560458126222438,-0.27477951720149196
BPIC14,duration,B_half,logit,isotonic,without_f,13982,0.06784259265993339,0.23700274459805698,1.0292472224713602,-0.28705750014057774
BPIC14,duration,B_half,logit,isotonic,with_f,13982,0.05616596371357223,0.2042068564620582,0.9942577744021115,-0.27704836127180876
BPIC14,duration,B_half,hgb,raw,without_f,13982,0.0666248974686324,0.2354606158612406,1.00561388549253,-0.2841647225610057
BPIC14,duration,B_half,hgb,raw,with_f,13982,0.056454216213719204,0.20348810425220082,0.9389578706930435,-0.28024450116245436
BPIC14,duration,B_half,hgb,platt,without_f,13982,0.06713396918557009,0.2355638391397582,1.068501585840652,-0.28467511218087344
BPIC14,duration,B_half,hgb,platt,with_f,13982,0.05722670635334614,0.20434169058639956,1.1192155680475542,-0.26195863977546535
BPIC14,duration,B_half,hgb,isotonic,without_f,13982,0.0665754993062756,0.23540868520595332,1.032805394160287,-0.28335651642574455
BPIC14,duration,B_half,hgb,isotonic,with_f,13982,0.05922491790714903,0.20389397321686642,1.0588159422390304,-0.26164157998140236
BPIC14,duration,B_intake,logit,raw,without_f,13982,0.06583559897753705,0.23727816757606815,1.0615172539306408,-0.277463742212212
BPIC14,duration,B_intake,logit,raw,with_f,13982,0.0562104958839506,0.2039288405956263,0.937344391249482,-0.2808122054706329
BPIC14,duration,B_intake,logit,platt,without_f,13982,0.06640459145722712,0.23740905643724158,1.0968961164720439,-0.27907409620424495
BPIC14,duration,B_intake,logit,platt,with_f,13982,0.05630535200642269,0.20408321420164052,1.0629552853352537,-0.2728896968218253
BPIC14,duration,B_intake,logit,isotonic,without_f,13982,0.06702294996633695,0.23676520691412034,1.0217812302641083,-0.28393245006716156
BPIC14,duration,B_intake,logit,isotonic,with_f,13982,0.056589671550368995,0.2040599630369784,0.9966467596609355,-0.278161622841184
BPIC14,duration,B_intake,hgb,raw,without_f,13982,0.06994357555828684,0.23511916010522582,0.9911540105698705,-0.2997112558319753
BPIC14,duration,B_intake,hgb,raw,with_f,13982,0.05494930476313751,0.20384884745582027,0.9518860216966228,-0.27638994164071623
BPIC14,duration,B_intake,hgb,platt,without_f,13982,0.06635067688078579,0.2348532013841024,1.0965812166386468,-0.28137752799792104
BPIC14,duration,B_intake,hgb,platt,with_f,13982,0.05567947808375741,0.20450407806286916,1.1177545179110124,-0.2603678351362885
BPIC14,duration,B_intake,hgb,isotonic,without_f,13982,0.06558087882830264,0.2346736972645336,1.0465104191396,-0.279466907776413
BPIC14,duration,B_intake,hgb,isotonic,with_f,13982,0.05530085460363811,0.20447002067516593,1.0537718629553465,-0.2589865679068453
BPIC14,duration,B_intake_g,logit,raw,without_f,13982,0.06351317394418407,0.22761891057874986,0.9907793509835812,-0.24415949899026052
BPIC14,duration,B_intake_g,logit,raw,with_f,13982,0.05133413158736052,0.2019373006262109,0.9384407231053242,-0.2590325591690168
BPIC14,duration,B_intake_g,logit,platt,without_f,13982,0.06776049245701196,0.22804661610450888,1.1251363599750077,-0.23858393673593603
BPIC14,duration,B_intake_g,logit,platt,with_f,13982,0.05121731163003032,0.20192177164423847,1.0886772829182325,-0.23946315711872665
BPIC14,duration,B_intake_g,logit,isotonic,without_f,13982,0.05910686025619398,0.22628290064622814,1.0184535450208239,-0.2312344091080468
BPIC14,duration,B_intake_g,logit,isotonic,with_f,13982,0.05041705359330905,0.20164197463566672,1.0222870847305716,-0.243400273163143
BPIC14,duration,B_intake_g,hgb,raw,without_f,13982,0.06243270906579022,0.22502737749325843,0.9505029007979994,-0.2750688759315165
BPIC14,duration,B_intake_g,hgb,raw,with_f,13982,0.05307158407472048,0.2023805486768652,0.9244054039730034,-0.2715792155387449
BPIC14,duration,B_intake_g,hgb,platt,without_f,13982,0.06005911648556493,0.2246094515489849,1.1991617429535155,-0.23034627010843098
BPIC14,duration,B_intake_g,hgb,platt,with_f,13982,0.05300816482984117,0.2024965775203256,1.1169309117233193,-0.23542978724333402
BPIC14,duration,B_intake_g,hgb,isotonic,without_f,13982,0.05727657297727799,0.22403397319664836,1.0704852091237473,-0.22908467036536784
BPIC14,duration,B_intake_g,hgb,isotonic,with_f,13982,0.052784909137285944,0.20184142314248332,1.0593176014459271,-0.23495430899865158
BPIC14,duration,B_intake_g_km,logit,raw,without_f,13982,0.05005853608171471,0.18740383319722875,0.9687411259884046,-0.2547715071307533
BPIC14,duration,B_intake_g_km,logit,raw,with_f,13982,0.04748257384832403,0.18927444517472336,0.9077463236476517,-0.265075531981735
BPIC14,duration,B_intake_g_km,logit,platt,without_f,13982,0.04488859644879218,0.18695081180670875,1.1409637296640998,-0.225591181403779
BPIC14,duration,B_intake_g_km,logit,platt,with_f,13982,0.04733901896927738,0.188239860143044,1.1302446942437763,-0.23499550043708242
BPIC14,duration,B_intake_g_km,logit,isotonic,without_f,13982,0.045365229454916424,0.1865688055145883,1.1087057603567354,-0.2276280318751772
BPIC14,duration,B_intake_g_km,logit,isotonic,with_f,13982,0.04635975972040874,0.18876824811697884,1.084017718044051,-0.23921996413477373
BPIC14,duration,B_intake_g_km,hgb,raw,without_f,13982,0.0497651980470578,0.19064891845450405,0.9192742864306285,-0.2741152823748483
BPIC14,duration,B_intake_g_km,hgb,raw,with_f,13982,0.05277966688010917,0.19067485970748502,0.9068620351305828,-0.2931768869580145
BPIC14,duration,B_intake_g_km,hgb,platt,without_f,13982,0.05354678069185363,0.1888838654341599,1.1780543910973746,-0.2462721487243939
BPIC14,duration,B_intake_g_km,hgb,platt,with_f,13982,0.05059702099889222,0.18905548880980289,1.16895517643624,-0.24197289024274424
BPIC14,duration,B_intake_g_km,hgb,isotonic,without_f,13982,0.0511928810972794,0.1880168999334355,1.149233004103784,-0.24483261098466344
BPIC14,duration,B_intake_g_km,hgb,isotonic,with_f,13982,0.05032190126388733,0.188603798439938,1.1417162695273773,-0.23584001165741447
Helpdesk,duration,B_half,logit,raw,without_f,1374,0.04386026258878485,0.23352114581575295,0.6583338729684454,-0.03758863198473825
Helpdesk,duration,B_half,logit,raw,with_f,1374,0.09068873622654886,0.24242342300441747,0.5067363656565076,-0.06095128967891382
Helpdesk,duration,B_half,logit,platt,without_f,1374,0.044476384204000685,0.23361533269505422,0.6547873704797068,-0.04921271190011023
Helpdesk,duration,B_half,logit,platt,with_f,1374,0.07034997869694182,0.23632331815514676,0.6514949344404369,-0.07585585314692694
Helpdesk,duration,B_half,logit,isotonic,without_f,1374,0.06438833166746277,0.23745865848789918,0.5580605353149858,-0.026703090635079495
Helpdesk,duration,B_half,logit,isotonic,with_f,1374,0.07130116336274483,0.23642787999894352,0.6002648363696221,-0.06182376085454202
Helpdesk,duration,B_half,hgb,raw,without_f,1374,0.05002577818288299,0.23492627669041438,0.5966688686905686,-0.09628232310106143
Helpdesk,duration,B_half,hgb,raw,with_f,1374,0.17591602925539845,0.2773734291533866,0.24134989287740946,-0.3059743016439387
Helpdesk,duration,B_half,hgb,platt,without_f,1374,0.06568291096879361,0.2384948126552244,0.5586566358439292,-0.06485914098334625
Helpdesk,duration,B_half,hgb,platt,with_f,1374,0.0715263057304857,0.23807731609881383,0.7184758151383142,-0.11661556981589177
Helpdesk,duration,B_half,hgb,isotonic,without_f,1374,0.0759958915442274,0.2392865443852043,0.526393815826711,-0.05462778535052899
Helpdesk,duration,B_half,hgb,isotonic,with_f,1374,0.06418911299049598,0.2384918749569838,0.6206551158340603,-0.049491784390590085
Helpdesk,duration,B_intake,logit,raw,without_f,1374,0.04408687115303886,0.23317007444562948,0.6596705321221316,-0.05753341924500783
Helpdesk,duration,B_intake,logit,raw,with_f,1374,0.08561110280528562,0.24236546144882712,0.5061051625140977,-0.070452513739145
Helpdesk,duration,B_intake,logit,platt,without_f,1374,0.04451797268920653,0.23238495620907532,0.6918074130513165,-0.06304575473487257
Helpdesk,duration,B_intake,logit,platt,with_f,1374,0.07308013955536868,0.23587540383297997,0.6755929484070028,-0.08092456264162974
Helpdesk,duration,B_intake,logit,isotonic,without_f,1374,0.06426076419294452,0.2367064878309794,0.5724718654424942,-0.0076472078077471015
Helpdesk,duration,B_intake,logit,isotonic,with_f,1374,0.07330863141227596,0.2360097832350855,0.616283394975317,-0.0672970578022651
Helpdesk,duration,B_intake,hgb,raw,without_f,1374,0.08462792449259302,0.2416297643720838,0.46313287040824946,0.0075407790739232105
Helpdesk,duration,B_intake,hgb,raw,with_f,1374,0.16948281884571115,0.26881348094899343,0.285734858417102,-0.22987523622872363
Helpdesk,duration,B_intake,hgb,platt,without_f,1374,0.03944170197591426,0.23179786936071467,0.7436783945154364,0.08044874127303364
Helpdesk,duration,B_intake,hgb,platt,with_f,1374,0.05774589036808429,0.23716836346109804,0.8555445246423078,-0.11939615203112482
Helpdesk,duration,B_intake,hgb,isotonic,without_f,1374,0.0758327654480829,0.23463227598536185,0.6232836989552817,0.11648606678620012
Helpdesk,duration,B_intake,hgb,isotonic,with_f,1374,0.052600994619562615,0.2349024140623027,0.7551588550196492,-0.033207983925195556
Helpdesk,duration,B_intake_g,logit,raw,without_f,1374,0.0636188075921193,0.23655305274976193,0.6089307806483264,-0.1555015355555323
Helpdesk,duration,B_intake_g,logit,raw,with_f,1374,0.09761769082167594,0.245176718499981,0.4746059968759999,-0.14935820272863648
Helpdesk,duration,B_intake_g,logit,platt,without_f,1374,0.06693061290945994,0.23486005601947718,1.0472651615436976,-0.25365679613039915
Helpdesk,duration,B_intake_g,logit,platt,with_f,1374,0.06154096650294959,0.23750260526472813,0.9808823356340776,-0.24156467065108617
Helpdesk,duration,B_intake_g,logit,isotonic,without_f,1374,0.05938654351467275,0.23612982816326064,0.7254325731272843,-0.2651709623809767
Helpdesk,duration,B_intake_g,logit,isotonic,with_f,1374,0.0651128860214921,0.23807568572318583,0.7282551939116352,-0.2703178059063074
Helpdesk,duration,B_intake_g,hgb,raw,without_f,1374,0.10040456729759395,0.24208088599839442,0.4492745139384107,0.1242279448809056
Helpdesk,duration,B_intake_g,hgb,raw,with_f,1374,0.13621752176733434,0.2613046492434847,0.27256476172322747,0.04163427102108606
Helpdesk,duration,B_intake_g,hgb,platt,without_f,1374,0.08570049477274749,0.23924973123181323,1.226509363791201,-0.23976134249324704
Helpdesk,duration,B_intake_g,hgb,platt,with_f,1374,0.0680878787632915,0.2389139694836513,1.331743789954881,-0.22874908117904127
Helpdesk,duration,B_intake_g,hgb,isotonic,without_f,1374,0.06687562046802231,0.23910355071214923,0.7122659445443862,-0.23480542788538727
Helpdesk,duration,B_intake_g,hgb,isotonic,with_f,1374,0.05077924908049759,0.23774881850771956,0.7430565500219598,-0.2015972015641746
Sepsis,duration,B_half,logit,raw,without_f,315,0.08901368285253367,0.24734265707307074,0.5893630604229028,-0.2569266904945142
Sepsis,duration,B_half,logit,raw,with_f,315,0.07690076646547069,0.18283536856539764,1.0006493097255562,-0.28885244235074403
Sepsis,duration,B_half,logit,platt,without_f,315,0.08390334147781521,0.24480156864123478,0.800157100725681,-0.2548844819136145
Sepsis,duration,B_half,logit,platt,with_f,315,0.07106986277296465,0.18340462426119603,1.1366720840057998,-0.31186608528970994
Sepsis,duration,B_half,logit,isotonic,without_f,315,0.07705449688568637,0.24843921436848002,0.5384376531446673,-0.25259011744027215
Sepsis,duration,B_half,logit,isotonic,with_f,315,0.06813495810894046,0.18475630422534334,0.9230727284651462,-0.31781319997245483
Sepsis,duration,B_half,hgb,raw,without_f,315,0.19395033208760737,0.28189047352857627,0.18750763657330569,-0.39729300053563255
Sepsis,duration,B_half,hgb,raw,with_f,315,0.16398181736737835,0.21920696345750015,0.4076296105013319,-0.1921708265924052
Sepsis,duration,B_half,hgb,platt,without_f,315,0.10650031715945157,0.24962783569775718,0.6111223362144508,-0.27383790741371405
Sepsis,duration,B_half,hgb,platt,with_f,315,0.08509420612495325,0.18657989719878051,1.405698398060027,-0.31433361133788496
Sepsis,duration,B_half,hgb,isotonic,without_f,315,0.1040869918435481,0.24882859018887013,0.5437875036155024,-0.2610263360733699
Sepsis,duration,B_half,hgb,isotonic,with_f,315,0.06995203249716071,0.1844318498996994,1.2558353516091971,-0.3275037045170948
Sepsis,duration,B_intake,logit,raw,without_f,315,0.10125323363008858,0.24561029411645607,0.5035331211387424,-0.2626665760531073
Sepsis,duration,B_intake,logit,raw,with_f,315,0.1117040536939337,0.19147111606366793,0.7257591299919727,-0.30060892237961095
Sepsis,duration,B_intake,logit,platt,without_f,315,0.08547555053153309,0.2394376648831874,0.7045597209398259,-0.25581196455972466
Sepsis,duration,B_intake,logit,platt,with_f,315,0.09875978987486175,0.18900205786869292,0.8658122803629761,-0.3187147786200985
Sepsis,duration,B_intake,logit,isotonic,without_f,315,0.12266423656205513,0.24081619106737287,0.5468923721946142,-0.2739514081414671
Sepsis,duration,B_intake,logit,isotonic,with_f,315,0.09660042049501318,0.19022465480447326,0.24549407482280172,-0.3245361317362899
Sepsis,duration,B_intake,hgb,raw,without_f,315,0.21680055813831423,0.28781913739800724,0.18744622599109795,0.05096036101576861
Sepsis,duration,B_intake,hgb,raw,with_f,315,0.20009475785050473,0.2395339194813676,0.282034963382912,-0.7663402133002009
Sepsis,duration,B_intake,hgb,platt,without_f,315,0.08715613302637554,0.24510229143127885,0.7274566319893205,-0.2735778397910588
Sepsis,duration,B_intake,hgb,platt,with_f,315,0.08717598046106485,0.19311612341383633,1.0849751113840287,-0.3380029492258374
Sepsis,duration,B_intake,hgb,isotonic,without_f,315,0.09229761620673994,0.2483135614167032,0.5612919393717871,-0.2921903817777643
Sepsis,duration,B_intake,hgb,isotonic,with_f,315,0.08119129826711556,0.19157992874576593,0.8690551448696456,-0.353541596805526
Sepsis,duration,B_intake_g,logit,raw,without_f,315,0.08977066777293698,0.24520943183609095,0.5059534291245968,-0.2705216657525726
Sepsis,duration,B_intake_g,logit,raw,with_f,315,0.12907706656209994,0.19167223553017396,0.7156232873680812,-0.3067649509260913
Sepsis,duration,B_intake_g,logit,platt,without_f,315,0.07138424219667297,0.23888873252040466,0.7213279081775004,-0.26180236296296633
Sepsis,duration,B_intake_g,logit,platt,with_f,315,0.10292839326470163,0.18891468773369155,0.8601227883393298,-0.3212573915822407
Sepsis,duration,B_intake_g,logit,isotonic,without_f,315,0.0996988657120243,0.2430618233887801,0.494135029765979,-0.28097864066428535
Sepsis,duration,B_intake_g,logit,isotonic,with_f,315,0.08576738419291402,0.19008247946719456,0.2462431047777224,-0.3262185461175509
Sepsis,duration,B_intake_g,hgb,raw,without_f,315,0.17827389269493288,0.2807194282006145,0.21615943147870376,0.13045976864216155
Sepsis,duration,B_intake_g,hgb,raw,with_f,315,0.19812422597841836,0.24203298233136825,0.2784118692146452,-0.8878776331642988
Sepsis,duration,B_intake_g,hgb,platt,without_f,315,0.10452895240533587,0.2449652852682333,0.7407601216473365,-0.2703871988264981
Sepsis,duration,B_intake_g,hgb,platt,with_f,315,0.07788339599838923,0.19229734519477976,1.1160519140772378,-0.32047680364922293
Sepsis,duration,B_intake_g,hgb,isotonic,without_f,315,0.10903606421238125,0.2465028545747947,0.6317691625499843,-0.29583476050579793
Sepsis,duration,B_intake_g,hgb,isotonic,with_f,315,0.06481326972273058,0.18949145582574128,0.9174321574603871,-0.3137241388015054
UCI498,handover,B_half,logit,raw,without_f,7476,0.09570419359539895,0.25132899544736775,1.2208684100346665,0.38497359507686313
UCI498,handover,B_half,logit,raw,with_f,7476,0.10658305527797528,0.2523068526584567,0.4516629873835577,0.4008485288013241
UCI498,handover,B_half,logit,platt,without_f,7476,0.09839048301699703,0.25139402881028655,1.7098669948551377,0.38505301114668294
UCI498,handover,B_half,logit,platt,with_f,7476,0.08556585905734601,0.24654393374659686,1.4044206490199966,0.349536523809874
UCI498,handover,B_half,logit,isotonic,without_f,7476,0.09886312856427926,0.2521058042993999,0.02563808286639367,0.4009242108228268
UCI498,handover,B_half,logit,isotonic,with_f,7476,0.08522504600877877,0.2448092353379235,0.7092749016255706,0.37321764175079136
UCI498,handover,B_half,hgb,raw,without_f,7476,0.10229534376815491,0.25223686085759073,3.310967609499134,0.4088473128162315
UCI498,handover,B_half,hgb,raw,with_f,7476,0.08301048382434287,0.2478859900095081,0.9361694593927552,0.3584001746993993
UCI498,handover,B_half,hgb,platt,without_f,7476,0.09503618638149551,0.25102757197950165,4.798484959570247,0.3710683660833272
UCI498,handover,B_half,hgb,platt,with_f,7476,0.07900364343466508,0.2473456106260156,1.4700750918383754,0.3380067484353875
UCI498,handover,B_half,hgb,isotonic,without_f,7476,0.0907054927555179,0.25215429826461716,-1.7380351357945185,0.3888044931461566
UCI498,handover,B_half,hgb,isotonic,with_f,7476,0.0782399776609127,0.247359336459093,1.410062926796492,0.3346763797773001
UCI498,handover,B_intake,logit,raw,without_f,7476,0.046720828256227295,0.17017726280609824,1.0991638611382133,0.17933959327046956
UCI498,handover,B_intake,logit,raw,with_f,7476,0.041721168881014854,0.17611734119127956,0.9113499174911452,0.19929508830210288
UCI498,handover,B_intake,logit,platt,without_f,7476,0.05917148541086913,0.17244915856243695,1.4293663072223965,0.11216667065729624
UCI498,handover,B_intake,logit,platt,with_f,7476,0.05962060358121209,0.1759134265335055,1.3939516897782078,0.12940252865094115
UCI498,handover,B_intake,logit,isotonic,without_f,7476,0.03303130338666453,0.1681209242221661,1.1121664182028137,0.03491826652613484
UCI498,handover,B_intake,logit,isotonic,with_f,7476,0.0357287640484714,0.1721634959411652,1.084110852255886,0.08928534147215095
UCI498,handover,B_intake,hgb,raw,without_f,7476,0.03650655716615075,0.16398761784320903,1.0890184619137349,0.20172623338096443
UCI498,handover,B_intake,hgb,raw,with_f,7476,0.03841036344510109,0.1642051842746028,1.0656178542017807,0.22316090634465785
UCI498,handover,B_intake,hgb,platt,without_f,7476,0.05475076221983628,0.1661934705819799,1.3205746076821139,0.2009904651914465
UCI498,handover,B_intake,hgb,platt,with_f,7476,0.04568236491387202,0.16616766881849646,1.2891842993048712,0.19520191880155835
UCI498,handover,B_intake,hgb,isotonic,without_f,7476,0.042018416140527474,0.16525583692304155,1.2036705826256808,0.1951569478611663
UCI498,handover,B_intake,hgb,isotonic,with_f,7476,0.04165294447666378,0.16571811439552142,1.2014596832423456,0.1889041073588552
UCI498,handover,B_intake_g,logit,raw,without_f,7476,0.04036090557440889,0.06887765303641469,1.2953667881451016,-0.0012113263946292722
UCI498,handover,B_intake_g,logit,raw,with_f,7476,0.03343554545800057,0.07060032765386114,1.2303276407985284,0.016566625432037702
UCI498,handover,B_intake_g,logit,platt,without_f,7476,0.06860053256153814,0.07404899888636123,1.6725508500461908,0.20497097455416366
UCI498,handover,B_intake_g,logit,platt,with_f,7476,0.06648876186204236,0.07558643638654172,1.667545182078372,0.21706519977982933
UCI498,handover,B_intake_g,logit,isotonic,without_f,7476,0.051719777523287803,0.06904171245322778,1.5273131929060801,0.3070580270499678
UCI498,handover,B_intake_g,logit,isotonic,with_f,7476,0.05240250650066425,0.070649950890701,1.554646144913069,0.3033169017979053
UCI498,handover,B_intake_g,hgb,raw,without_f,7476,0.017031759115993306,0.06752570014228748,0.847071738275459,0.025958401780141197
UCI498,handover,B_intake_g,hgb,raw,with_f,7476,0.017051133268122715,0.0675637689015908,0.8312247268536765,0.025879671418164905
UCI498,handover,B_intake_g,hgb,platt,without_f,7476,0.04309315588118032,0.06852854137277999,1.4559580839139923,0.24928618028402252
UCI498,handover,B_intake_g,hgb,platt,with_f,7476,0.04065768073966036,0.06903466212323534,1.4507208172826271,0.2398815538653062
UCI498,handover,B_intake_g,hgb,isotonic,without_f,7476,0.03977054985977521,0.06810513457671524,1.4378694616346064,0.3212700019086627
UCI498,handover,B_intake_g,hgb,isotonic,with_f,7476,0.039214249702322915,0.06828413251459411,1.4227192847487726,0.31151602805737094
UCI498,duration,B_half,logit,raw,without_f,7476,0.13914479342516795,0.22335801827214719,0.8135524506881155,-0.6140981525808203
UCI498,duration,B_half,logit,raw,with_f,7476,0.13984368957704446,0.22519423516811884,0.5344803820210218,-0.6593484234103002
UCI498,duration,B_half,logit,platt,without_f,7476,0.20452858654510767,0.24623125757679362,-1.498615111865652,-0.8773680054380003
UCI498,duration,B_half,logit,platt,with_f,7476,0.1919336396856341,0.2377099649908786,1.1567698431060507,-0.838729974452061
UCI498,duration,B_half,logit,isotonic,without_f,7476,0.2123218534892373,0.24922719284385073,0.5731953110252234,-0.9091676986951504
UCI498,duration,B_half,logit,isotonic,with_f,7476,0.18122745458031192,0.23370454767985993,0.9615537849452425,-0.8032279954826369
UCI498,duration,B_half,hgb,raw,without_f,7476,0.13665153614482944,0.22207836615794005,1.0262190517215959,-0.6056373149398827
UCI498,duration,B_half,hgb,raw,with_f,7476,0.14529007640037933,0.2223200886635384,0.8650757255600778,-0.6574756598435723
UCI498,duration,B_half,hgb,platt,without_f,7476,0.21393173792695255,0.24964629041353587,10.210331687196264,-0.9148174478654427
UCI498,duration,B_half,hgb,platt,with_f,7476,0.21172423557815634,0.24606344308046507,2.080649142458726,-0.9104432386698094
UCI498,duration,B_half,hgb,isotonic,without_f,7476,0.21308315945236148,0.24955120923868063,0.562157450077622,-0.9119664754731459
UCI498,duration,B_half,hgb,isotonic,with_f,7476,0.20509182702532816,0.24232759847778848,1.647794177121509,-0.889352247284175
UCI498,duration,B_intake,logit,raw,without_f,7476,0.11138589694003324,0.1838891005732614,0.8991859537466111,-0.5894711983883774
UCI498,duration,B_intake,logit,raw,with_f,7476,0.09896057202213439,0.18234077711217136,0.8017491944180362,-0.5788894791395206
UCI498,duration,B_intake,logit,platt,without_f,7476,0.1597609395671666,0.19937212213259511,1.240032049497664,-0.7807048405265798
UCI498,duration,B_intake,logit,platt,with_f,7476,0.16956816867665925,0.20186942011669654,1.4120165992771136,-0.809105786766095
UCI498,duration,B_intake,logit,isotonic,without_f,7476,0.1404102345129519,0.19151816935522895,1.0748151660991971,-0.7397924981799857
UCI498,duration,B_intake,logit,isotonic,with_f,7476,0.15965769809442476,0.19648343302294513,1.3134046197638662,-0.7870100225969603
UCI498,duration,B_intake,hgb,raw,without_f,7476,0.10034704610487502,0.18087792945886358,0.9161555596234966,-0.5738474644615454
UCI498,duration,B_intake,hgb,raw,with_f,7476,0.09487360066234328,0.17433310507289926,0.9883887231436699,-0.5431111786262872
UCI498,duration,B_intake,hgb,platt,without_f,7476,0.19158446642034052,0.20923212742992514,1.8790828632218068,-0.8814646284471646
UCI498,duration,B_intake,hgb,platt,with_f,7476,0.1875972347922444,0.20515730394127613,1.844722538227254,-0.8717358965038741
UCI498,duration,B_intake,hgb,isotonic,without_f,7476,0.1767054056859792,0.1988059876234463,1.451560277375524,-0.867058741631122
UCI498,duration,B_intake,hgb,isotonic,with_f,7476,0.17614600948561002,0.19754059882589228,1.5028178776795305,-0.8617301055793117
UCI498,duration,B_intake_g,logit,raw,without_f,7476,0.10413960714180456,0.1741195867925647,0.9213134661673825,-0.6063161583443969
UCI498,duration,B_intake_g,logit,raw,with_f,7476,0.10139644711777242,0.17626913146534293,0.8105078802328594,-0.6192503971518357
UCI498,duration,B_intake_g,logit,platt,without_f,7476,0.14969044108151355,0.18918580538795787,1.3463870501220434,-0.7460452155275643
UCI498,duration,B_intake_g,logit,platt,with_f,7476,0.16091838294291236,0.193363368546239,1.4459687256602338,-0.7854903315955705
UCI498,duration,B_intake_g,logit,isotonic,without_f,7476,0.1382620233245126,0.18347927826465016,1.222529651746071,-0.7207561815541343
UCI498,duration,B_intake_g,logit,isotonic,with_f,7476,0.15522693339351645,0.1896057965110126,1.3528972355599647,-0.7790302526598342
UCI498,duration,B_intake_g,hgb,raw,without_f,7476,0.1033235473417928,0.17399664284536512,0.9112406572911103,-0.621279634334278
UCI498,duration,B_intake_g,hgb,raw,with_f,7476,0.10154426205097519,0.17551017994919524,0.8310584688792678,-0.6268496216045654
UCI498,duration,B_intake_g,hgb,platt,without_f,7476,0.1826078788184095,0.19677862807906826,1.6387177260338388,-0.8870591988444794
UCI498,duration,B_intake_g,hgb,platt,with_f,7476,0.17991942641574482,0.1956673505684378,1.6229896494549907,-0.874774073165427
UCI498,duration,B_intake_g,hgb,isotonic,without_f,7476,0.17407812307120396,0.19043396016777878,1.443630400665122,-0.8869259521053329
UCI498,duration,B_intake_g,hgb,isotonic,with_f,7476,0.17301323510204328,0.19122661310728567,1.4527875697128183,-0.8739793352799349
RoadFines,duration,B_half,logit,raw,without_f,45111,0.07065719869569798,0.2500752283776929,0.3323410279267984,-0.2850993653638078
RoadFines,duration,B_half,logit,raw,with_f,45111,0.07909662734522128,0.24650239241887356,1.1856058248656527,-0.322760261524044
RoadFines,duration,B_half,logit,platt,without_f,45111,0.07105148266817152,0.25016196331562846,0.30587085191765423,-0.2867066179842281
RoadFines,duration,B_half,logit,platt,with_f,45111,0.08508428702229946,0.24777093705648254,1.1300083892584754,-0.347144985451837
RoadFines,duration,B_half,logit,isotonic,without_f,45111,0.07087743712395456,0.2501756212326571,0.279650797342329,-0.2860529180960204
RoadFines,duration,B_half,logit,isotonic,with_f,45111,0.08440560796075298,0.24752321875441038,1.087017162980141,-0.3448953360548531
RoadFines,duration,B_half,hgb,raw,without_f,45111,0.0698210231502846,0.24994902989203546,0.3479194592099961,-0.28177424952180513
RoadFines,duration,B_half,hgb,raw,with_f,45111,0.08038629265875066,0.246851101709482,1.270303689703734,-0.3274640034691615
RoadFines,duration,B_half,hgb,platt,without_f,45111,0.07106101202313658,0.2501752649665801,0.3106564787277371,-0.2867934047640731
RoadFines,duration,B_half,hgb,platt,with_f,45111,0.08160773986156349,0.24764775990051208,1.2721321688242633,-0.3318119376308429
RoadFines,duration,B_half,hgb,isotonic,without_f,45111,0.07096255154107067,0.2501736181530846,0.30561255527100806,-0.286432177000274
RoadFines,duration,B_half,hgb,isotonic,with_f,45111,0.08351711364362961,0.247499116402845,1.175413778746843,-0.3405394795566521
RoadFines,duration,B_intake,logit,raw,without_f,45111,0.08842745482386496,0.24697030067833134,0.6936679984399086,-0.36924096772794746
RoadFines,duration,B_intake,logit,raw,with_f,45111,0.09265594284882428,0.24553226673909934,0.79493397382304,-0.38828136154151327
RoadFines,duration,B_intake,logit,platt,without_f,45111,0.08086420554236967,0.24631482482473652,1.4919812670565384,-0.32907016306114695
RoadFines,duration,B_intake,logit,platt,with_f,45111,0.08692694594700022,0.24458424701278478,1.8200556300606765,-0.3170363294742245
RoadFines,duration,B_intake,logit,isotonic,without_f,45111,0.07697596989293533,0.24867360193414814,1.7047077911221633,-0.31105225103731976
RoadFines,duration,B_intake,logit,isotonic,with_f,45111,0.09231768840763306,0.24673356560009949,1.579359924858288,-0.34917000792315656
RoadFines,duration,B_intake,hgb,raw,without_f,45111,0.08787044539438654,0.24705382815736052,0.7429720349766353,-0.3652515504330012
RoadFines,duration,B_intake,hgb,raw,with_f,45111,0.09290923552134031,0.2455813244996012,0.8110726762314127,-0.38870226481661635
RoadFines,duration,B_intake,hgb,platt,without_f,45111,0.07949744332898034,0.24695448575601928,2.011289533572888,-0.3219773732214778
RoadFines,duration,B_intake,hgb,platt,with_f,45111,0.08621090990315768,0.244466933969238,1.8500710981975537,-0.3141552453700405
RoadFines,duration,B_intake,hgb,isotonic,without_f,45111,0.07652985594412921,0.24852664206111905,2.085329681899696,-0.3090234445651036
RoadFines,duration,B_intake,hgb,isotonic,with_f,45111,0.09329896129816055,0.24700122666882515,1.6129751308919764,-0.34841349917930314
RoadFines,duration,B_intake_g,logit,raw,without_f,45111,0.08356215342187191,0.24734984158373838,0.5489815985730253,-0.31570423786749596
RoadFines,duration,B_intake_g,logit,raw,with_f,45111,0.08213215531287696,0.24445673766066256,0.6264621362727931,-0.3118930308332868
RoadFines,duration,B_intake_g,logit,platt,without_f,45111,0.10717415941771534,0.25460043040567254,-4.390974907711374,-0.3429942724817501
RoadFines,duration,B_intake_g,logit,platt,with_f,45111,0.11302431265266702,0.25372466554702966,-7.131073389941839,-0.33190758436158
RoadFines,duration,B_intake_g,logit,isotonic,without_f,45111,0.0843220267964985,0.250021614954539,0.27147745333801654,-0.2757686026566886
RoadFines,duration,B_intake_g,logit,isotonic,with_f,45111,0.07640301210626613,0.24920303244104378,0.6657691093616666,-0.28283988633478563
RoadFines,duration,B_intake_g,hgb,raw,without_f,45111,0.07093786365132022,0.24537331779219682,0.5905293343770163,-0.27599234471246137
RoadFines,duration,B_intake_g,hgb,raw,with_f,45111,0.0735550109507603,0.24335145995298146,0.6823117698542644,-0.2899011246205174
RoadFines,duration,B_intake_g,hgb,platt,without_f,45111,0.11190687842181028,0.25549148015293305,-3.6567903032313382,-0.35236212806285594
RoadFines,duration,B_intake_g,hgb,platt,with_f,45111,0.12016757206904564,0.2546974623144097,-5.796594971810036,-0.3436576130528338
RoadFines,duration,B_intake_g,hgb,isotonic,without_f,45111,0.07917214721025692,0.25034172578350283,1.9497428319368708,-0.3190569581954551
RoadFines,duration,B_intake_g,hgb,isotonic,with_f,45111,0.09051114937902832,0.25007085093442943,1.824408253308173,-0.31598343670529927
BPIC19,duration,B_half,logit,raw,without_f,75521,0.33784417229902847,0.25480975506341624,0.7704520272521428,-1.6902843281978317
BPIC19,duration,B_half,logit,raw,with_f,75521,0.3394381908533515,0.31718655661864337,0.29239301329780537,-2.842872011951153
BPIC19,duration,B_half,logit,platt,without_f,75521,0.33812038814917367,0.2549833539728368,0.7772560537712057,-1.6908674372559223
BPIC19,duration,B_half,logit,platt,with_f,75521,0.338503551276323,0.30520279083949076,0.3366514990822962,-2.5868779565964792
BPIC19,duration,B_half,logit,isotonic,without_f,75521,0.33778854644286066,0.25475558073422194,0.7790555881106278,-1.6896391890731544
BPIC19,duration,B_half,logit,isotonic,with_f,75521,0.33794207016152644,0.31000087398299314,0.34191201002117866,-2.6129543374010265
BPIC19,duration,B_half,hgb,raw,without_f,75521,0.3383666347692081,0.2554437219365312,0.7252500736755129,-1.6933179442316213
BPIC19,duration,B_half,hgb,raw,with_f,75521,0.33773454588674534,0.3216256610108485,0.2691523344487434,-2.9273254309362837
BPIC19,duration,B_half,hgb,platt,without_f,75521,0.3380849062453426,0.25504866377633223,0.7635612594965464,-1.6910724726520736
BPIC19,duration,B_half,hgb,platt,with_f,75521,0.3375467077088475,0.3048939131327264,0.3433008287970109,-2.5564042570155965
BPIC19,duration,B_half,hgb,isotonic,without_f,75521,0.3380877324272947,0.2551199121940315,0.7500957806495634,-1.6910066312098366
BPIC19,duration,B_half,hgb,isotonic,with_f,75521,0.3364387202321091,0.30911728227443924,0.3352051005291279,-2.6164816220492457
BPIC19,duration,B_intake,logit,raw,without_f,75521,0.32538013054150333,0.2776879365748245,0.4020516292150044,-2.027884866883652
BPIC19,duration,B_intake,logit,raw,with_f,75521,0.33896336708265307,0.31775390533455133,0.2939224272176506,-2.8640031879351255
BPIC19,duration,B_intake,logit,platt,without_f,75521,0.3262204621623269,0.27642905728567585,0.414332047713514,-2.0125374582098825
BPIC19,duration,B_intake,logit,platt,with_f,75521,0.33686519115832564,0.30343061088415846,0.3491253992710065,-2.565599268548804
BPIC19,duration,B_intake,logit,isotonic,without_f,75521,0.3266793975823715,0.27858930424550465,0.41164380443408893,-2.024442716273392
BPIC19,duration,B_intake,logit,isotonic,with_f,75521,0.3367714147790843,0.30786462777960777,0.3542085642739015,-2.6009638569532916
BPIC19,duration,B_intake,hgb,raw,without_f,75521,0.33488433335422174,0.2825060285391098,0.39933017993203423,-2.05055327616548
BPIC19,duration,B_intake,hgb,raw,with_f,75521,0.33930415132015723,0.32027562753981836,0.2789552424826845,-2.932047409274975
BPIC19,duration,B_intake,hgb,platt,without_f,75521,0.32711282732751007,0.2782364784252063,0.40489196682477374,-2.0176663489839575
BPIC19,duration,B_intake,hgb,platt,with_f,75521,0.3374208147027078,0.302461537870444,0.3476990467948373,-2.551636667276469
BPIC19,duration,B_intake,hgb,isotonic,without_f,75521,0.32687064179525294,0.27975728312338755,0.3986132669234212,-2.0343525466144
BPIC19,duration,B_intake,hgb,isotonic,with_f,75521,0.3374906020898796,0.30783418087454767,0.3342566792404117,-2.637920982942862
BPIC19,duration,B_intake_g,logit,raw,without_f,75521,0.4006122019329984,0.32885274353584626,0.3535130235106207,-2.439123504639955
BPIC19,duration,B_intake_g,logit,raw,with_f,75521,0.397229465855199,0.3523356336776262,0.27794671151465783,-3.1630435105165917
BPIC19,duration,B_intake_g,logit,platt,without_f,75521,0.3959460533704846,0.318454272176112,0.41048470799613695,-2.3209180627899375
BPIC19,duration,B_intake_g,logit,platt,with_f,75521,0.39132923456593877,0.33315211843832737,0.34889652588871634,-2.7515328431738366
BPIC19,duration,B_intake_g,logit,isotonic,without_f,75521,0.39589563293991087,0.3190843679327345,0.3892820342867091,-2.3464320722087475
BPIC19,duration,B_intake_g,logit,isotonic,with_f,75521,0.39302509795596763,0.33819142050944234,0.3521147709637769,-2.804176493476079
BPIC19,duration,B_intake_g,hgb,raw,without_f,75521,0.41849259889811,0.35630444469459394,0.24047560851854247,-2.9978437587190747
BPIC19,duration,B_intake_g,hgb,raw,with_f,75521,0.35103423499071684,0.33222521694632323,0.2312249968045232,-3.442792192077153
BPIC19,duration,B_intake_g,hgb,platt,without_f,75521,0.39683451595209984,0.3238442908731528,0.361436101241462,-2.410845198438441
BPIC19,duration,B_intake_g,hgb,platt,with_f,75521,0.3563988126645846,0.31172958976849696,0.33806110523619537,-2.6771885999189267
BPIC19,duration,B_intake_g,hgb,isotonic,without_f,75521,0.3998765041427868,0.3255708621316245,0.40128932974735615,-2.411136584409135
BPIC19,duration,B_intake_g,hgb,isotonic,with_f,75521,0.352569438274332,0.3151856779313018,0.33847891914923234,-2.7309653921321013
