log,target,family,K,B,kurt_med,kurt_p90,kurt_max,rho_mean,absrho_mean,eff_rank,eff_rank_frac,q,q_emp,q_emp_lo,ratio,below,ceiling,q_emp_at_ceiling,share_draws_at_ceiling,n_degenerate,share_degenerate,n_degenerate_tau50,n_degenerate_tau75,n_degenerate_tau95,n_degenerate_tau99,n_lowdistinct_20,share_lowdistinct_20,adm_K,adm_B,adm_kurt_med,adm_kurt_p90,adm_kurt_max,adm_rho_mean,adm_absrho_mean,adm_eff_rank,adm_eff_rank_frac,adm_q,adm_q_emp,adm_q_emp_lo,adm_ratio,adm_below,adm_ceiling,adm_q_emp_at_ceiling,adm_share_draws_at_ceiling
BPIC13_closed,handover,whole-surface,180,80,0.082061502489851,1.7871552249113563,27.06568623266584,0.10671562157659384,0.2060032566327431,11.362362594563722,0.06312423663646512,3.3381739359880793,4.2666337130599565,3.6997262234567403,1.2781340322211396,True,8.83246851112417,False,0.0,0,0.0,0,0,0,0,0,0.0,180,80,0.082061502489851,1.7871552249113563,27.06568623266584,0.10671562157659384,0.2060032566327431,11.362362594563722,0.06312423663646512,3.3381739359880793,4.2666337130599565,3.6997262234567403,1.2781340322211396,True,8.83246851112417,False,0.0
BPIC13_closed,handover,decision-curve,1116,80,0.268823697393068,1.7525601632609913,64.302704892008,0.03537511860169716,0.11093783528318511,37.10777182419666,0.09276942956049165,3.852095444180845,5.955689669119683,5.045616609865669,1.5460908888217257,True,8.83246851112417,False,0.0,0,0.0,6,4,0,0,8,0.007168458781362007,1116,80,0.268823697393068,1.7525601632609913,64.302704892008,0.03625701509922494,0.1114142813958228,36.50971982133999,0.09127429955334998,3.852095444180845,5.955689669119683,5.045616609865669,1.5460908888217257,True,8.83246851112417,False,0.0
BPIC13_incidents,duration,whole-surface,180,80,0.3441842235598709,2.281631202499257,7.866959321681293,0.14022495351533487,0.1772835188066963,13.272546042224478,0.0737363669012471,3.353778843939488,4.138915906282547,3.5408076318218145,1.2341051986065974,True,8.83246851112417,False,0.0,0,0.0,0,0,0,0,0,0.0,180,80,0.3441842235598709,2.281631202499257,7.866959321681293,0.14022495351533487,0.1772835188066963,13.272546042224478,0.0737363669012471,3.353778843939488,4.138915906282547,3.5408076318218145,1.2341051986065974,True,8.83246851112417,False,0.0
BPIC13_incidents,duration,decision-curve,1116,80,0.3132457846237884,3.4032903951239626,27.185518247775196,0.03159407765124573,0.11163750956027584,38.02733405769575,0.09506833514423936,3.8782779108014838,4.971036428000571,4.777260336421786,1.2817638504336215,True,8.83246851112417,False,0.0,0,0.0,6,2,0,0,4,0.0035842293906810036,1116,80,0.3132457846237884,3.4032903951239626,27.185518247775196,0.03180458891408928,0.1094921617732055,40.09363636662588,0.1002340909165647,3.8782779108014838,4.971036428000571,4.777260336421786,1.2817638504336215,True,8.83246851112417,False,0.0
BPIC13_incidents,handover,whole-surface,180,80,0.3178394843908232,3.63928965969557,25.188910839316748,0.15954460440272578,0.19674786961661808,11.7454059124169,0.06525225506898277,3.330444900601863,4.039158839762282,3.745805525991819,1.212798578061551,True,8.83246851112417,False,0.0,0,0.0,0,0,0,0,0,0.0,180,80,0.3178394843908232,3.63928965969557,25.188910839316748,0.15954460440272578,0.19674786961661808,11.7454059124169,0.06525225506898277,3.330444900601863,4.039158839762282,3.745805525991819,1.212798578061551,True,8.83246851112417,False,0.0
BPIC13_incidents,handover,decision-curve,1087,80,0.24560855640474122,5.08991764363231,75.01265822784809,0.06265781996961518,0.12358161193246095,31.96137784518836,0.0799034446129709,3.8692350611036765,8.099757259613488,7.038845926501513,2.093374305696248,True,8.83246851112417,False,0.0125,15,0.013799448022079108,39,23,8,0,37,0.03403863845446182,1072,80,0.23357273199441186,4.408268395264044,59.498676478846434,0.06018569494802908,0.12359704652608874,31.734669033122735,0.07933667258280684,3.8635602176610657,6.437222288611513,5.704692128736487,1.6661374291995632,True,8.83246851112417,False,0.0
BPIC14,duration,whole-surface,480,150,0.10624390349270918,0.8407102837731412,38.06698141929996,0.15842820114015352,0.19635046013429758,11.147387247225565,0.027868468118063913,3.491564151024561,4.497892951489554,3.750982020567558,1.2882171877522848,True,12.165799055823118,False,0.0,0,0.0,0,0,0,0,0,0.0,480,150,0.10624390349270918,0.8407102837731412,38.06698141929996,0.158833308886811,0.19721606215250553,11.060696395643136,0.027651740989107842,3.491564151024561,4.497892951489554,3.750982020567558,1.2882171877522848,True,12.165799055823118,False,0.0
BPIC14,duration,decision-curve,2966,150,0.2640717514082578,3.622983548248798,145.00671140939602,0.0257577237027634,0.0851941076019657,55.14475869217491,0.13786189673043728,4.120802908943598,9.615117181913753,7.744874084546517,2.333311588633747,True,12.165799055823118,False,0.006666666666666667,18,0.006068779501011479,44,27,9,1,33,0.011126095751854349,2948,150,0.25887232515983105,3.376441217851426,139.07726973326888,0.02460967660352262,0.08356627320973238,57.94487742881919,0.14486219357204796,4.117916193576056,8.908785730035843,7.639823978264235,2.163420844730531,True,12.165799055823118,False,0.0
BPIC14,handover,whole-surface,480,150,0.48438877634633104,9.336765367442919,106.0424306383875,0.08913766254156948,0.13530329593962243,19.056290037130733,0.04764072509282683,3.569011767065125,6.364129402075658,4.8565010466147776,1.783162908232443,True,12.165799055823118,False,0.0,0,0.0,0,0,0,0,0,0.0,480,150,0.48438877634633104,9.336765367442919,106.0424306383875,0.09155604510496224,0.13700842452052178,19.012588345736866,0.04753147086434217,3.569011767065125,6.364129402075658,4.8565010466147776,1.783162908232443,True,12.165799055823118,False,0.0
BPIC14,handover,decision-curve,2853,150,0.8974303069637739,28.10863711246359,145.00671140939613,0.04569613896553224,0.1029110830948753,32.20389007307122,0.08050972518267806,4.083357211879106,12.165799055823118,12.165799055823118,2.9793619378757663,True,12.165799055823118,True,0.11333333333333333,276,0.09674027339642477,570,405,184,34,472,0.16543988783736419,2577,150,0.5929776990343085,9.112000267133565,141.20523158582935,0.058550218477142764,0.11510852279856727,27.48080487182511,0.06870201217956277,4.057889200376359,10.132826039047263,9.210524350922702,2.4970681895669964,True,12.165799055823118,False,0.0
BPIC15_1,duration,whole-surface,180,80,1.0406540966181752,7.96743307226015,68.04018985386335,0.12535709802862444,0.20034122135641447,11.126444955499466,0.06181358308610814,3.3393220544755295,4.882828286478926,4.2641184105961045,1.4622214350169402,True,8.83246851112417,False,0.0,0,0.0,0,0,0,0,0,0.0,180,80,1.0406540966181752,7.96743307226015,68.04018985386335,0.12535709802862444,0.20034122135641447,11.126444955499466,0.06181358308610814,3.3393220544755295,4.882828286478926,4.2641184105961045,1.4622214350169402,True,8.83246851112417,False,0.0
BPIC15_1,duration,decision-curve,1095,80,1.1046273639673716,8.622104306729838,75.0126582278481,0.031192289326071137,0.11169300440875993,35.64497702362537,0.08911244255906343,3.858867797906245,8.832031886847412,8.567191468790945,2.2887624944393066,True,8.83246851112417,False,0.05,38,0.034703196347032006,115,64,28,0,96,0.08767123287671233,1057,80,1.00694056620058,6.1722406621580355,69.81838120919737,0.041266048646277365,0.11826222861170738,31.87368785275683,0.07968421963189208,3.8509228392962327,7.778103904976809,6.506012705898256,2.019802584878143,True,8.83246851112417,False,0.0
BPIC15_1,handover,whole-surface,180,80,1.3466153883721246,9.956688044820748,71.80852626224457,0.12148942919044885,0.1744412561946952,13.997552999651603,0.0777641833313978,3.358442405493676,5.6244389774660215,4.750067219270444,1.67471651985625,True,8.83246851112417,False,0.0,0,0.0,0,0,0,0,0,0.0,180,80,1.3466153883721246,9.956688044820748,71.80852626224457,0.12148942919044885,0.1744412561946952,13.997552999651603,0.0777641833313978,3.358442405493676,5.6244389774660215,4.750067219270444,1.67471651985625,True,8.83246851112417,False,0.0
BPIC15_1,handover,decision-curve,1096,80,3.176040422108795,23.24434827183152,75.0126582278481,0.04339977620287908,0.11985961294645031,28.980022514794925,0.07245005628698731,3.8064484269245087,8.815017760870854,8.283422319109476,2.3158116890586937,True,8.83246851112417,False,0.0375,54,0.0492700729927007,263,119,28,0,170,0.1551094890510949,1042,80,2.896506564904369,18.81794820357214,74.37511932685588,0.04803134202470032,0.1218045323037451,27.4903499756344,0.068725874939086,3.7869137235642802,8.050224502880805,7.154259538358903,2.1258008738852006,True,8.83246851112417,False,0.0
BPIC15_3,duration,whole-surface,180,80,0.5738617412351534,4.018796670624698,74.57753197459894,0.12525610424795305,0.1946274258930096,11.656497467229507,0.06475831926238615,3.3347165264190672,4.343083105737341,3.642770170560111,1.302384496951857,True,8.83246851112417,False,0.0,0,0.0,0,0,0,0,0,0.0,180,80,0.5738617412351534,4.018796670624698,74.57753197459894,0.12525610424795305,0.1946274258930096,11.656497467229507,0.06475831926238615,3.3347165264190672,4.343083105737341,3.642770170560111,1.302384496951857,True,8.83246851112417,False,0.0
BPIC15_3,duration,decision-curve,1116,80,0.21388369280507868,3.6447262546158763,72.93774329512193,0.051404208261253435,0.13656517311944172,23.502917203331005,0.058757293008327514,3.790895306052857,6.346264149197431,6.078838893621587,1.6740805632549283,True,8.83246851112417,False,0.0,3,0.0026881720430107503,21,12,3,0,19,0.017025089605734768,1113,80,0.21364237569784006,3.5368761318846467,29.47295089934608,0.047709281553696754,0.1349827585963629,24.521858571240244,0.06130464642810061,3.7891806114089093,6.30774167132596,5.618428151207388,1.6646716845150829,True,8.83246851112417,False,0.0
BPIC15_3,handover,whole-surface,180,80,1.4372536579042805,7.200536744170739,17.004004467902455,0.19027077922505428,0.2169918366612858,10.057909104100105,0.05587727280055614,3.317758279536386,4.60423559682735,4.317056112873701,1.387754986620283,True,8.83246851112417,False,0.0,0,0.0,0,0,0,0,0,0.0,180,80,1.4372536579042805,7.200536744170739,17.004004467902455,0.19027077922505428,0.2169918366612858,10.057909104100105,0.05587727280055614,3.317758279536386,4.60423559682735,4.317056112873701,1.387754986620283,True,8.83246851112417,False,0.0
BPIC15_3,handover,decision-curve,1067,80,2.871542587927432,17.640848705530278,75.0126582278481,0.040235349521686295,0.13612637709401823,23.31937252277159,0.05829843130692898,3.7614254739218973,8.398564265195079,6.659219945336821,2.23281421456377,True,8.83246851112417,False,0.05,69,0.06466729147141514,209,112,52,0,201,0.18837863167760074,998,80,2.5465857596958714,11.283808745598462,50.9339035564612,0.04760408297481968,0.1392062160434872,22.20750033807097,0.05551875084517743,3.7506394175134856,6.444200713900096,5.759459240138898,1.718160557852913,True,8.83246851112417,False,0.0
BPIC15_4,duration,whole-surface,180,143,0.9888899792224619,6.959872118248073,62.558740169044725,0.10645405903933447,0.148109553493855,15.934936309089917,0.08852742393938842,3.3803201690400257,5.616231369843851,4.891657660445589,1.661449534065526,True,12.165799055823118,False,0.0,0,0.0,0,0,0,0,0,0.0,180,143,0.9888899792224619,6.959872118248073,62.558740169044725,0.10645405903933447,0.148109553493855,15.934936309089917,0.08852742393938842,3.3803201690400257,5.616231369843851,4.891657660445589,1.661449534065526,True,12.165799055823118,False,0.0
BPIC15_4,duration,decision-curve,1097,143,1.503250593247512,9.56177894399784,138.1881556980884,0.03367837072011353,0.09292395330292061,44.68907682065022,0.11172269205162555,3.885588557074418,9.450175286130563,6.97662764760549,2.4321090993859364,True,12.165799055823118,False,0.013986013986013986,39,0.035486806187443154,140,83,24,6,127,0.11555959963603275,1060,143,1.3788540154883022,7.850739617633094,41.85096550866369,0.03196074631721288,0.09291767656369065,45.60405264850712,0.1140101316212678,3.8778775758163078,6.963513701572117,6.417670591187247,1.7957023050440861,True,12.165799055823118,False,0.0
BPIC15_4,handover,whole-surface,180,150,3.3639714736441793,13.282945496237168,81.46668660726746,0.10422616051269636,0.14623021428852181,16.093927116826254,0.0894107062045903,3.4246424682674137,6.469086791361619,5.624713910451558,1.8889816532101942,True,12.165799055823118,False,0.0,0,0.0,0,0,0,0,0,0.0,180,150,3.3639714736441793,13.282945496237168,81.46668660726746,0.10422616051269636,0.14623021428852181,16.093927116826254,0.0894107062045903,3.4246424682674137,6.469086791361619,5.624713910451558,1.8889816532101942,True,12.165799055823118,False,0.0
BPIC15_4,handover,decision-curve,1045,150,8.427675150421303,43.613330145193345,145.00671140939616,0.03283186240763996,0.0939211101852688,41.702010193508336,0.10425502548377084,3.8400726562781333,12.165799055823115,11.118237611777047,3.1681168938127393,True,12.165799055823118,True,0.07333333333333333,180,0.1722488038277512,627,346,109,25,338,0.32344497607655504,865,150,7.01654373383532,16.831844446606198,51.13346946091849,0.0435812228563438,0.10109284986684001,36.46010060925379,0.09115025152313448,3.7942713095387437,7.223985275913805,6.890524507012706,1.9039190101542842,True,12.165799055823118,False,0.0
BPIC15_5,duration,whole-surface,180,150,0.6255214077968847,5.434781679180384,50.61538503214995,0.1017139089762297,0.14300281091211778,17.454458247496813,0.0969692124860934,3.3945190168298094,5.470156430466565,4.694551388147086,1.611467310492555,True,12.165799055823118,False,0.0,0,0.0,0,0,0,0,0,0.0,180,150,0.6255214077968847,5.434781679180384,50.61538503214995,0.1017139089762297,0.14300281091211778,17.454458247496813,0.0969692124860934,3.3945190168298094,5.470156430466565,4.694551388147086,1.611467310492555,True,12.165799055823118,False,0.0
BPIC15_5,duration,decision-curve,1115,150,0.8495042515015427,6.2277001615612315,123.2003756234712,0.03004253070293032,0.09261177502897681,44.77633986874235,0.11194084967185587,3.868976147485359,8.573602898820695,7.411463353460493,2.2159875305494214,True,12.165799055823118,False,0.0,11,0.009865470852017943,47,24,7,0,44,0.039461883408071746,1104,150,0.8332475013677372,5.929817055504663,123.2003756234712,0.034795423658714617,0.09557752650842181,41.96084228019638,0.10490210570049095,3.864300987220407,7.3945592186538205,6.3278173497502825,1.9135567449606792,True,12.165799055823118,False,0.0
BPIC17,duration,whole-surface,180,80,-0.06706064057792949,1.2152383602023227,7.8971875761282995,0.19094115380864976,0.23258565242071905,8.710365526883074,0.04839091959379485,3.2518433007313483,3.6873685755365337,3.199384464971331,1.1339318148286035,False,8.83246851112417,False,0.0,0,0.0,0,0,0,0,0,0.0,180,80,-0.06706064057792949,1.2152383602023227,7.8971875761282995,0.19094115380864976,0.23258565242071905,8.710365526883074,0.04839091959379485,3.2518433007313483,3.6873685755365337,3.199384464971331,1.1339318148286035,False,8.83246851112417,False,0.0
BPIC17,duration,decision-curve,1033,80,0.5744962664673712,13.43756626665422,75.01265822784812,0.02372300504848593,0.10308598034852204,44.77705830125666,0.11194264575314165,3.8881138819816212,8.83246851112417,8.832468511124167,2.2716589017764575,True,8.83246851112417,True,0.125,50,0.048402710551790906,128,87,32,0,103,0.09970958373668926,983,80,0.4793789372653574,6.9616276561657955,61.46343982797998,0.022557433046258606,0.10305441296222691,45.39021294048822,0.11347553235122054,3.873476313247243,7.36067018173666,6.7586096085784195,1.9002749949866107,True,8.83246851112417,False,0.0
BPIC19,duration,whole-surface,120,33,-0.15276868407431587,0.7088951527968128,3.2842872047339826,0.0344789977881686,0.18213876960421777,13.689196133533764,0.1140766344461147,3.3167084821052373,3.0604212125579804,2.907259011581217,0.9227284306323533,False,6.16644143732834,False,0.0,0,0.0,0,0,0,0,0,0.0,120,33,-0.15276868407431587,0.7088951527968128,3.2842872047339826,0.0344789977881686,0.18213876960421777,13.689196133533764,0.1140766344461147,3.3167084821052373,3.0604212125579804,2.907259011581217,0.9227284306323533,False,6.16644143732834,False,0.0
BPIC19,duration,decision-curve,704,33,-0.131397717271865,3.212011865933714,28.654500418565494,0.02778724931744187,0.16126889009860032,21.941601361280743,0.05485400340320186,3.859155510325399,5.8307294129252,5.563471175483198,1.5108822117493679,True,6.16644143732834,False,0.030303030303030304,11,0.01555869872701554,22,15,6,0,37,0.05233380480905234,696,33,-0.14076127228194535,3.061135395830274,27.87560791147464,0.026181486750439936,0.16185406829352542,22.0063374232678,0.055015843558169505,3.85580241061581,5.781862216449713,4.936261512492329,1.4995224341711773,True,6.16644143732834,False,0.0
Helpdesk,duration,whole-surface,180,80,0.02847419205537749,0.9938108813523904,8.564326149479305,0.14616571693565394,0.20051051643262108,10.661005046801725,0.05922780581556514,3.3123895973124102,3.643350703704327,3.428322013003012,1.0999161169508715,True,8.83246851112417,False,0.0,0,0.0,0,0,0,0,0,0.0,180,80,0.02847419205537749,0.9938108813523904,8.564326149479305,0.14616571693565394,0.20051051643262108,10.661005046801725,0.05922780581556514,3.3123895973124102,3.643350703704327,3.428322013003012,1.0999161169508715,True,8.83246851112417,False,0.0
Helpdesk,duration,decision-curve,1110,80,0.41084366163057373,4.495509498715031,75.0126582278481,0.030435074610881102,0.11031206755969293,38.66029115186683,0.09665072787966707,3.872685185918028,6.719164183435714,5.625392401476075,1.7350143016706179,True,8.83246851112417,False,0.025,13,0.011711711711711703,35,22,9,0,32,0.02882882882882883,1097,80,0.393586122400182,4.085150666160439,43.88853019437997,0.029629214344130312,0.11011895416117952,39.11408747793973,0.09778521869484931,3.8710763010229328,5.908178211553862,5.402084196048994,1.526236568882051,True,8.83246851112417,False,0.0
RoadFines,duration,whole-surface,120,40,-0.21631982601449185,1.2052004746008822,3.65594334871386,0.1824920298654288,0.2516899889703528,7.90572753519484,0.06588106279329034,3.139959571475433,3.0291007179777765,2.818741718856748,0.964694178070081,False,6.16644143732834,False,0.0,0,0.0,0,0,0,0,0,0.0,120,40,-0.21631982601449185,1.2052004746008822,3.65594334871386,0.1824920298654288,0.2516899889703528,7.90572753519484,0.06588106279329034,3.139959571475433,3.0291007179777765,2.818741718856748,0.964694178070081,False,6.16644143732834,False,0.0
RoadFines,duration,decision-curve,534,40,0.7142041608697121,18.566293874090757,35.025641025641036,0.03041837945084974,0.14351142689884946,24.67831526744876,0.061695788168621896,3.723999500248444,6.166441437328341,6.16644143732834,1.655865269830716,True,6.16644143732834,True,0.2,63,0.1179775280898876,131,87,46,0,156,0.29213483146067415,471,40,0.4190243868441095,9.683808141195794,33.90701271465219,0.03437733235942617,0.1508716369475931,22.702447818773084,0.05675611954693271,3.707226502917045,6.016133314236973,5.845793409415168,1.6228124473924528,True,6.16644143732834,False,0.0
Sepsis,duration,whole-surface,180,150,-0.0366644185867393,1.127119881146009,25.154879864586498,0.20676032467345334,0.24414006535421673,8.396307018236307,0.04664615010131282,3.3198901789696325,3.6852965958928885,3.4756659246443613,1.1100658145977178,True,12.165799055823118,False,0.0,0,0.0,0,0,0,0,0,0.0,180,150,-0.0366644185867393,1.127119881146009,25.154879864586498,0.20676032467345334,0.24414006535421673,8.396307018236307,0.04664615010131282,3.3198901789696325,3.6852965958928885,3.4756659246443613,1.1100658145977178,True,12.165799055823118,False,0.0
Sepsis,duration,decision-curve,1116,150,0.047552431441321374,1.161544916161612,9.54761471227348,0.07976848907913557,0.1206935425852053,28.443940476036484,0.07110985119009121,3.8372958268224204,4.880291259254468,4.500924935182731,1.2718048020018642,True,12.165799055823118,False,0.0,0,0.0,0,0,0,0,0,0.0,1116,150,0.047552431441321374,1.161544916161612,9.54761471227348,0.07875801348976388,0.12042580411498731,28.304023163920917,0.07076005790980229,3.8372958268224204,4.880291259254468,4.500924935182731,1.2718048020018642,True,12.165799055823118,False,0.0
UCI498,duration,whole-surface,180,80,-0.07612765059069204,0.971635747215248,18.20886983843061,0.2107345480252032,0.26360213234237706,7.415306753905101,0.041196148632806115,3.257492252657215,3.745037066274788,3.2544751451604332,1.1496687561481906,False,8.83246851112417,False,0.0,0,0.0,0,0,0,0,0,0.0,180,80,-0.07612765059069204,0.971635747215248,18.20886983843061,0.2107345480252032,0.26360213234237706,7.415306753905101,0.041196148632806115,3.257492252657215,3.745037066274788,3.2544751451604332,1.1496687561481906,False,8.83246851112417,False,0.0
UCI498,duration,decision-curve,1116,80,0.0760276723540787,2.2313457845356908,59.35472790126484,0.05379323039649391,0.12055124987689043,34.499619527800775,0.08624904881950193,3.868511389189661,7.101353519512071,6.079157715629796,1.8356811716662917,True,8.83246851112417,False,0.0,0,0.0,8,1,0,0,3,0.002688172043010753,1116,80,0.0760276723540787,2.2313457845356908,59.35472790126484,0.04663250339894855,0.11982194417172397,34.81476547660731,0.08703691369151828,3.868511389189661,7.101353519512071,6.079157715629796,1.8356811716662917,True,8.83246851112417,False,0.0
UCI498,handover,whole-surface,180,80,0.17792687050989864,9.879061996343024,27.909666609488813,0.12153835887752504,0.18248493184454403,13.002682628495373,0.07223712571386319,3.3294166439835093,4.740190871440716,3.679039212080439,1.423730154051634,True,8.83246851112417,False,0.0,0,0.0,0,0,0,0,0,0.0,180,80,0.17792687050989864,9.879061996343024,27.909666609488813,0.12153835887752504,0.18248493184454403,13.002682628495373,0.07223712571386319,3.3294166439835093,4.740190871440716,3.679039212080439,1.423730154051634,True,8.83246851112417,False,0.0
UCI498,handover,decision-curve,1116,80,0.13785421926068997,13.161157050565942,70.41318346716697,0.02286391072981281,0.10831674963870984,39.73970433748377,0.09934926084370943,3.884816823714972,7.958253685235762,5.483856145061198,2.048553135544096,True,8.83246851112417,False,0.0,1,0.0008960573476702871,7,3,0,0,4,0.0035842293906810036,1115,80,0.13785421926068997,13.04433942086269,70.41318346716697,0.023586643832493096,0.10795600486069284,39.67636592095433,0.09919091480238583,3.884816823714972,7.664104366675661,5.483856145061198,1.9728354551725382,True,8.83246851112417,False,0.0
